season,team,wins,team_rate_score,team_minutes_coverage,team_total_score,interaction_bonus,pressure_score,easy_score,pressure_bonus,easy_bonus,pressure_easy_bonus
1995-96,ATL,46.0,0.5791062758962187,-2.073041491074521,2.5551337313264577,0.23934553064776687,0.8476243077434998,0.5311491648020321,0.10316513178459892,0.09005287424927075,0.19321800603386968
1995-96,BOS,33.0,0.42975775663574517,-1.5995962509264414,1.906694949543128,0.27649759939138047,0.026203460767212024,0.45284740644275073,0.002096276861376962,0.060642005540149396,0.06273828240152636
1995-96,CHH,41.0,1.0544559209152864,-0.7289572034434578,5.511905226584787,0.2621869702917536,-0.33077384887528727,1.6858396964865558,0.0,0.21298754201268688,0.21298754201268688
1995-96,CHI,72.0,1.2347187876489463,-1.2461738174353973,9.322687431682182,0.2286384314674883,1.0670459941038437,2.4121681429535267,0.13178394628906656,0.32952825680510567,0.4613122030941722
1995-96,CLE,47.0,0.7325380130296375,-1.7692184194945815,4.104779066474174,0.22629754951458358,0.5557826455715187,1.5434926571033476,0.044462611645721496,0.215100534914975,0.2595631465606965
1995-96,DAL,26.0,0.766955330090089,-3.1197900283470545,2.913011170551243,0.2653546157551021,-0.3026248299533634,0.7591395403860295,0.0,0.14479232260044267,0.14479232260044267
1995-96,DEN,35.0,0.7165227033497381,-1.3339913995570702,3.818124935598742,0.2667778492555934,0.8412045963352202,0.8960939897268703,0.12800548350624524,0.14415197782571504,0.2721574613319603
1995-96,DET,46.0,0.41509561357952235,-2.4313749861959675,2.1777054791781825,0.22404043917736083,-1.1711154503892525,0.5736699090166321,0.0,0.09401311912964168,0.09401311912964168
1995-96,GOS,36.0,0.5159106907237531,-1.0738018720048061,2.1975012657669635,0.2906106477300012,0.35027033821251924,0.39466597938708214,0.06287025979283992,0.05425329539419317,0.11712355518703309
1995-96,HOU,48.0,1.2369757618487465,-1.9310215568960276,8.613990028222101,0.22906638964268689,1.7860793833963473,0.9943012608383663,0.2558492337137056,0.12643737783608622,0.3822866115497918
1995-96,IND,52.0,0.35487344544618515,-1.5538051767142447,1.3412995855753387,0.27020966329452933,-0.987653524409575,0.7546535843736382,0.0,0.12522814422430928,0.12522814422430928
1995-96,LAC,29.0,-0.07597089607335945,-1.9449176941573538,-0.6141755536135319,0.28831495792419354,-0.41567094674267735,0.21477842712317252,0.0,0.0584320092863558,0.0584320092863558
1995-96,LAL,53.0,0.8026037320884175,-1.1099865489890703,3.852009533816213,0.2811695346619649,0.856154675247509,0.8402538634494778,0.09778978465427031,0.11496758374752457,0.21275736840179488
1995-96,MIA,42.0,0.37314292283129324,-2.2332159519084565,2.109050380714738,0.23060346837687246,-0.13551699267103665,0.10055513449227262,0.0,0.05857317370053188,0.05857317370053188
1995-96,MIL,25.0,0.17910121892623268,-2.693280204961307,0.2612525039172553,0.20690562133565582,-0.6404525059909827,0.1300063311645469,0.0,0.05724380750332425,0.05724380750332425
1995-96,MIN,26.0,0.49582963357898335,-1.880625479695348,1.7149363383420313,0.2594922583064318,0.2495959574345402,0.061811178042382176,0.05683701999156717,0.015363621801372207,0.07220064179293938
1995-96,NJN,30.0,0.48503718787448213,-1.7330460800870484,1.7865150160655605,0.25558715331969395,0.20155875172483265,0.2480173502916101,0.017752718258410117,0.07402304979257822,0.09177576805098833
1995-96,NYK,47.0,0.6898123365959312,-1.4701830135033345,3.760278655864583,0.2414945442321456,0.33769383142790244,0.17400620546668974,0.05976914539934089,0.014898467044632581,0.07466761244397346
1995-96,ORL,60.0,1.5081011483273183,-1.5095647030702481,9.017724462461286,0.23614178111471845,1.0250314767140092,1.714949405215642,0.12710598805653514,0.2202300796345164,0.3473360676910515
1995-96,PHL,18.0,0.07901215252328433,-2.6532376717669877,0.1769044710155143,0.20237152838869243,-0.28273527440596397,-0.07032799707652243,0.0,0.02974978174373641,0.02974978174373641
1995-96,PHX,41.0,0.9452876423782359,-1.9809825991550225,6.091386411290849,0.23629198689976977,0.009852887624556357,1.2509587809274294,0.0007882310099645086,0.18213461065398256,0.18292284166394707
1995-96,POR,44.0,0.44173002292992486,-2.4169538535704658,1.266432756244495,0.24196539805169914,-0.4012404987169658,0.3456964081652652,0.0,0.09900952843153647,0.09900952843153647
1995-96,SAC,39.0,0.40200778154942285,-2.9896330755950515,1.4430734338307007,0.21098338469296452,-0.1366681554870605,0.5517419169093372,0.008880073264648757,0.1021417872570578,0.11102186052170657
1995-96,SAN,59.0,1.2630659688838517,-2.3795766478344262,8.046497691574098,0.20678209144737025,1.64200449178758,1.418250522380884,0.21106477281890504,0.1973796545476845,0.40844442736658954
1995-96,SEA,64.0,1.086411484895525,-1.3570388679222112,5.8742710316753906,0.2718787000673448,0.4734744816701216,1.0001919542964608,0.04304486682482217,0.12615153176774294,0.1691963985925651
1995-96,TOR,21.0,0.4577452222534263,-2.249442455166744,1.8152812748612046,0.23239493180070492,-0.2417969022483499,0.5049378513549639,0.0,0.10159418740145879,0.10159418740145879
1995-96,UTH,55.0,1.0623661708121,-2.1907260923260465,7.416066502697057,0.21059285637323422,0.4831003975818867,2.0026212521653246,0.0598060159511203,0.26411070434075895,0.32391672029187923
1995-96,VAN,15.0,-0.09786234285411809,-2.747918540223008,-0.9920849872386909,0.2501454777866767,0.19461002520282997,-0.03067137017912428,0.03637484799791088,0.02874447571986755,0.06511932371777843
1995-96,WAS,39.0,0.37706952636238383,-1.6405742484695294,1.3502333115951826,0.2625735944856623,-0.2614916815888613,0.42398285893559723,0.0,0.0640626919944697,0.0640626919944697
1996-97,ATL,56.0,1.1783608796099223,-2.3904119779565103,6.131292343830047,0.2604492478712032,1.3829705367917342,1.0708445720761073,0.18330322826101847,0.14530611662619458,0.32860934488721305
1996-97,BOS,15.0,0.6325686351582762,-1.0743031286989861,3.147144902231033,0.27544468511842585,0.5433708906173349,0.5799393400143972,0.07626338350365466,0.10291063491452114,0.17917401841817582
1996-97,CHH,54.0,1.0899079962859004,-1.9568165865079283,6.167999107060738,0.23359391154928566,-0.09452606843605402,1.7033887181695064,0.008139469142164842,0.20664259852803052,0.21478206767019536
1996-97,CHI,69.0,1.2445455520587188,-1.142028180595644,8.921474601885643,0.24533663131315753,0.7445584591737733,2.0227441405093,0.08774833060531333,0.22868222622228707,0.3164305568276004
1996-97,CLE,42.0,0.5860969814931906,-2.2436373728845593,2.599470951006477,0.22003578495135745,0.2782125419499928,0.8719900795734579,0.058896779362049144,0.1232338907857586,0.18213067014780773
1996-97,DAL,24.0,0.31995654372613996,-0.4195646587529591,1.632205327360311,0.3390341434403811,-0.46643130858519793,0.4699441461794426,0.0,0.08651663958802411,0.08651663958802411
1996-97,DEN,21.0,0.642370027029084,-0.7118288376353127,3.2780395090992966,0.26886712331320356,0.0814883860518372,0.36921439871429496,0.044055011367970465,0.029959715882701025,0.07401472725067149
1996-97,DET,54.0,0.5992513628060393,-2.0392298199392496,3.4237642927096106,0.20858812065025717,-0.09736649676363526,0.9958600074175877,0.0,0.12460966759348632,0.12460966759348632
1996-97,GSW,30.0,0.7494395942246918,-3.1934938874450642,2.7453162619057974,0.24792283003534527,-0.7090243357778679,1.1016785502140607,0.0,0.17728619448704216,0.17728619448704216
1996-97,HOU,57.0,1.3451052031081732,-2.105192802729703,7.540728703113045,0.24520693355467915,0.6439891319535245,1.0485985088711522,0.10807412585656527,0.13705035023156226,0.24512447608812754
1996-97,IND,39.0,0.1522546219258333,-2.232647013070774,0.8576107027169418,0.1938177732124467,-0.39888472019416243,0.45276466984394503,0.0,0.07798690112706766,0.07798690112706766
1996-97,LAC,36.0,-0.02162475653284239,-2.119254158668557,-0.37797960408459674,0.24446270069442932,0.5218785528426715,-0.24018447986976868,0.08716337123170428,0.0,0.08716337123170428
1996-97,LAL,56.0,1.1676085739571023,-2.4699918142040227,6.97958289883939,0.23730432575403576,1.4120826909213517,0.9522063168482844,0.14949872069615255,0.1514085780965135,0.3009072987926661
1996-97,MIA,61.0,0.6610539835223885,-2.4301794125426057,3.709369983935405,0.22130834597785531,0.32765791845399,0.8955423253986151,0.07794064830782363,0.1347403398938028,0.21268098820162643
1996-97,MIL,33.0,0.3270372961316313,-2.249739376544769,1.4055700441079522,0.2141560271712477,-0.4827895446622397,0.21736074189442178,0.0,0.05450584733796743,0.05450584733796743
1996-97,MIN,40.0,0.6842261172628783,-2.4170560291787946,3.020649899695096,0.24626886783904112,0.709930750744818,0.3180357487857713,0.10842216559568273,0.06254896459058495,0.1709711301862677
1996-97,NJN,26.0,0.6176805770928456,-1.8324463645778444,2.839395584747845,0.23490255954555428,0.48596710212280003,0.41659388955977406,0.06446130542101744,0.10825358230828482,0.17271488772930227
1996-97,NYK,57.0,0.38727032111008985,-1.8109981983965504,1.8895543833865616,0.23035451619359126,0.13653323257984432,0.0020746437053814053,0.07333321770713669,0.0077942109961648956,0.08112742870330159
1996-97,ORL,45.0,0.6279238951457717,-1.568724092391752,2.9827781688717994,0.2515885118200944,0.5175281201673504,0.5792944098454627,0.05243780412907384,0.09541125119092053,0.14784905531999437
1996-97,PHI,22.0,0.5391785689772832,-2.5535239821547675,1.9499275479339662,0.2374008455358088,-0.7661437564242766,0.17083709768127825,0.0,0.05904596737401287,0.05904596737401287
1996-97,PHX,40.0,0.7918677916453181,-0.004529648442577652,4.977822103477786,0.3004737918613765,-0.020619322860885293,1.491586671190873,0.0,0.169362351629199,0.169362351629199
1996-97,POR,49.0,0.5457857213480682,-1.7268896290288778,2.5546597011993204,0.2486541912043319,0.3517158514892737,0.6258133189550604,0.08607390896276658,0.09541581666689747,0.18148972562966403
1996-97,SAC,34.0,0.21208821424220173,-1.9513979918722675,1.9136856040492476,0.18595440342035258,-0.3724674241542022,0.5326529168862428,0.0,0.07034088442873349,0.07034088442873349
1996-97,SAS,20.0,0.007279431319300145,-2.1633683101328995,-0.4175819719489292,0.25347362092053605,-0.21040553867309067,0.1321784813679925,0.0,0.046270381922117534,0.046270381922117534
1996-97,SEA,57.0,1.06191584937423,-2.28474657883252,5.191148649678032,0.24054553638493087,0.5322301230902141,1.2851435878983766,0.0471594567744946,0.17570218117812683,0.22286163795262143
1996-97,TOR,30.0,0.7497838695872493,-2.156099385054962,3.141174932912133,0.2381800819827345,0.20220938425415944,0.7769851017906407,0.016854589964433928,0.13242280028052555,0.14927739024495948
1996-97,UTA,64.0,1.177831413480033,-2.1814051813913684,7.765409132247495,0.214801352393319,0.20942585100796543,2.1697740274659103,0.017754374000443683,0.28298000838535253,0.3007343823857962
1996-97,VAN,14.0,0.06716221612378226,-2.694829099600388,-0.5257497248921078,0.27173577209001765,-0.3180166000718597,-0.1047765698987452,0.0,0.025151392706762622,0.025151392706762622
1996-97,WAS,44.0,0.7702665483862825,-1.939314525213281,3.974089145358821,0.24146278172337038,0.3605316579710591,0.3110335027965347,0.04407988630076177,0.04689670276419975,0.09097658906496152
1997-98,ATL,50.0,0.953265944415015,-0.8462020435849753,5.020533215849582,0.30307150408523453,0.9387387221774982,0.6126427465832703,0.12965793517798768,0.07202669242220675,0.20168462760019443
1997-98,BOS,36.0,0.20588482567104444,-2.6563483352662147,0.8371333844710148,0.20219799615717593,0.14270557498075848,0.11379179663350984,0.011416445998460678,0.062424805642858495,0.07384125164131917
1997-98,CHH,51.0,0.6529112508376611,-1.660281823684696,2.8278582881734087,0.2640709476587472,-0.1348164193015814,0.7029241572572459,0.0,0.10588555904988493,0.10588555904988493
1997-98,CHI,62.0,1.0393827266350368,-1.9703829127680836,7.482828692975701,0.20031215621853138,0.8547278870614162,1.8512000941408047,0.12462280032118218,0.27823487828457616,0.40285767860575833
1997-98,CLE,47.0,0.7179851214016131,-2.2120615873398757,2.930562992671806,0.26509847639657846,0.9266009994516257,0.5058863741351005,0.1402845547257977,0.08747216457847667,0.22775671930427438
1997-98,DAL,20.0,0.44380391632738636,-2.215672450678321,2.603694341169398,0.2110265418242251,0.7728773213807022,0.48990100334076475,0.1318191291615033,0.061407660337842195,0.1932267894993455
1997-98,DEN,11.0,-0.2842409346295429,-2.074161734954671,-1.3536389790579693,0.308373591981494,0.049465177253261175,-0.3737189013803725,0.03215621332160951,0.0,0.03215621332160951
1997-98,DET,37.0,0.501218204406852,-1.7918423102727177,2.837793486425707,0.23318433981915793,-0.2881461083711034,0.5923479823680263,0.0,0.08759265478290804,0.08759265478290804
1997-98,GSW,19.0,0.23956775321648968,-2.0639578324171386,0.5374275595703883,0.2570864138374296,-0.3152671302088182,-0.29867419337768103,0.0,0.0,0.0
1997-98,HOU,41.0,1.168779095499064,-1.8151737047792167,6.280672667803895,0.2662607640375052,1.0428178576826426,0.602808705361759,0.15831269393139633,0.060529053145511505,0.21884174707690784
1997-98,IND,58.0,0.5776517936699043,-1.5953297409017524,2.6785337001177965,0.2699833948249732,-0.38513637464151507,1.4997677700887215,0.0,0.21116043342408086,0.21116043342408086
1997-98,LAC,17.0,0.16917729044456392,-1.5109986248743539,0.5777766295559552,0.28671064512099986,-0.10532538171269216,0.3575461184030035,0.0,0.06796004321588356,0.06796004321588356
1997-98,LAL,61.0,1.2719446320959642,-0.8373828291978389,8.665818613136539,0.2569626845465382,1.1538568302444696,1.5573014904865294,0.16614029972834532,0.19235642352633509,0.3584967232546804
1997-98,MIA,55.0,0.7612450512345665,-1.2648232028884965,4.430220608707944,0.24403672433570994,0.05443423778924133,1.1459014830902796,0.0195623070493084,0.1383294150114539,0.1578917220607623
1997-98,MIL,36.0,0.8437707844089342,-1.5438861878657253,3.8852499689285986,0.2514480912626093,-0.3831283392113792,0.8448661166707853,0.0,0.13259437034835048,0.13259437034835048
1997-98,MIN,45.0,1.1769871686500082,-2.022108616949523,7.65371183875666,0.2267325552925435,0.9241211350303362,1.318784573039486,0.12189319391309919,0.16961400408342048,0.2915071979965197
1997-98,NJN,43.0,0.9815276190707662,-1.3156009005309022,4.691899420022598,0.27678988026899337,0.2704766532323716,0.9015860391361908,0.021638132258589727,0.13726409406406195,0.1589022263226517
1997-98,NYK,43.0,0.19283972125533813,-1.49661065004234,0.546397297983552,0.30364136599845104,-0.15924829259614534,0.26440073347635357,0.009358510664306596,0.030829162982833776,0.040187673647140376
1997-98,ORL,41.0,0.17882020821751998,-1.9865654313207686,0.48410928118595753,0.265382216757553,1.0392767927521267,-0.33902436445642986,0.19223738192787287,0.0,0.19223738192787287
1997-98,PHI,31.0,0.7920054758822362,-2.5258697786733038,3.1353092017369257,0.24765910733754115,0.24697674414718618,0.34945242153082634,0.026121872414587334,0.08392723222561957,0.1100491046402069
1997-98,PHX,56.0,0.698456734958764,-0.9555468693692517,3.4004870052593312,0.26912584837425124,0.4176488271510206,0.724909031342497,0.04094801721326236,0.08468610336390348,0.12563412057716583
1997-98,POR,46.0,0.6427396491329345,-2.782728578768239,2.3147125547566296,0.24686072055334213,-0.43448113977477454,0.49262435693505063,0.0,0.09611150489636741,0.09611150489636741
1997-98,SAC,27.0,0.0642012896667899,-3.0438233474845404,0.9619078540386716,0.16129728663838877,-0.3916945863060202,0.5676541476303705,0.0,0.11057798504721489,0.11057798504721489
1997-98,SAS,56.0,0.751007314459458,-2.668931682794045,5.535380354158089,0.19474198817199556,0.5880440947318166,0.4524449416909756,0.10114954001563177,0.07668431874086229,0.17783385875649405
1997-98,SEA,61.0,1.2131305116094753,-1.9161888311449382,7.220704879079327,0.2368289159753506,0.43133792033243024,1.9700742047532214,0.05211695993856999,0.2254386042653428,0.2775555642039128
1997-98,TOR,16.0,0.6560597671370443,-2.566172635592535,3.5622474965312505,0.22280676099285557,0.6503440847960196,0.614785443290181,0.0784092805316371,0.12334051558776951,0.2017497961194066
1997-98,UTA,62.0,1.0513349374497112,-1.852325550858122,6.9161235837271775,0.23397524416967702,-0.38221290334167307,1.9753953798234234,0.0,0.2386665729289057,0.2386665729289057
1997-98,VAN,19.0,0.14608174401239354,-2.8358986265656547,0.41572901678374574,0.2016996988331863,-0.7008662979400797,0.05403234553518274,0.0,0.03573067239918591,0.03573067239918591
1997-98,WAS,42.0,1.1184509408002856,-2.4259257679045874,6.517149333993888,0.23200637732239315,0.3584623475133136,1.0919026884235505,0.028676987801065087,0.1744704972884148,0.20314748508947988
1998-99,ATL,31.0,0.6349875776577011,-2.7473646954658273,2.3195699447006364,0.240418882298999,0.5726340298835447,0.18605342009433945,0.07929667541534696,0.06313043221259952,0.14242710762794647
1998-99,BOS,19.0,0.7199665414669083,-0.49144403442716184,3.961426798874253,0.294667834668579,0.2522130092483496,0.6019951743272203,0.037711185706390926,0.06176407414664642,0.09947525985303735
1998-99,CHH,26.0,1.1761609577105354,-1.5763575389826268,6.790912829645668,0.24948472593863502,1.9984686944052856,1.215724928561157,0.27707499434611854,0.17527322149570287,0.4523482158418214
1998-99,CHI,13.0,0.1874422382772856,-2.2996176439519402,0.8854461940571186,0.20155044986949439,-0.14731188279740057,0.20863755997839242,0.0,0.06394685736930605,0.06394685736930605
1998-99,CLE,22.0,0.27750243637426436,-2.4614400974256943,1.6547882442914936,0.2048630325381191,-0.26504054041317426,0.41436803816630174,0.0,0.06723012784913635,0.06723012784913635
1998-99,DAL,19.0,0.6205055293253996,-2.732476655430614,3.213700560037755,0.21220757843238408,0.5289511650065032,0.9456983855754485,0.09246439720606306,0.13353194196397083,0.2259963391700339
1998-99,DEN,14.0,0.8802545709449379,-2.7628054621736,4.229752633125066,0.2383310256151674,0.3615705911818828,0.6445630946256498,0.07104833679272371,0.09852719786022011,0.16957553465294384
1998-99,DET,29.0,0.4561903632212139,-1.8144964783034556,2.6975626904406202,0.24806982365427838,-0.36919108488197155,0.9131799757127964,0.0,0.12912164603876297,0.12912164603876297
1998-99,GSW,21.0,-0.02231791735077071,-2.2990170433482366,-0.4721239078988553,0.25126710286673914,-0.006760379973507643,0.26813678765570886,0.0,0.09228307336974043,0.09228307336974043
1998-99,HOU,31.0,1.0980220343903346,-1.9018478278654256,6.739236670331278,0.2457644458639382,1.0103769153298694,0.6480065610114036,0.17322620188403812,0.07804497848550206,0.25127118036954016
1998-99,IND,33.0,0.4439539505153102,-0.7397440796269303,2.527290896675334,0.2919725370960469,-0.6445052567016551,1.595905197284852,0.0,0.20884360911811511,0.20884360911811511
1998-99,LAC,9.0,-0.23598678367755674,-1.9127117387553916,-1.0923770166369737,0.31529863665095265,0.07804423204449194,0.08523741983484742,0.011586263671582133,0.049529767466119035,0.06111603113770117
1998-99,LAL,31.0,1.0571535812277815,-2.478743135994383,7.093602438610056,0.21168289290771514,-0.18413557304524672,1.8732574024476414,0.0,0.2511229657458448,0.2511229657458448
1998-99,MIA,33.0,1.0006322389091102,-0.7583524478461989,6.822953731732207,0.25828065910403725,0.6832240312722908,0.8637030092912704,0.10350452157218853,0.08042744406188641,0.18393196563407493
1998-99,MIL,28.0,0.38699826998563425,-2.3488586116411176,1.646470285822876,0.2181281413228086,-0.6113196310127664,1.1730360150609864,0.0,0.16888428006542186,0.16888428006542186
1998-99,MIN,25.0,0.5448650733939128,-2.0494648795647072,4.525914285512224,0.1928066142160434,1.2560176854667653,0.39302201756895727,0.1529772023513804,0.06782009026669514,0.22079729261807554
1998-99,NJN,16.0,0.9838889081080591,-0.1523475691551699,6.304164418327754,0.2666195842755949,-0.8310560272309376,1.5473604752026504,0.0,0.24018109116530847,0.24018109116530847
1998-99,NYK,27.0,0.2984364501478636,-1.7399154866102786,0.9690902761577042,0.26675566207072937,-0.30032960664568503,0.051341645811912154,0.0,0.029557583284383397,0.029557583284383397
1998-99,ORL,33.0,0.5982684476624763,-2.268124853687544,2.3799846991070845,0.2582284353574332,0.45480511128961165,0.5299035249913628,0.0608340493340455,0.11855557863891752,0.17938962797296304
1998-99,PHI,28.0,0.7036302699828573,-2.2687492361653234,3.779363604227055,0.22161146173683977,0.572623023394315,0.5100496639004277,0.047052068637962886,0.11706927719809761,0.1641213458360605
1998-99,PHX,27.0,1.3039765391312563,-0.8342243273785287,9.019156537110744,0.2577995184480488,0.8742443388949034,2.0598268139769957,0.11111016229691871,0.24122338604742627,0.352333548344345
1998-99,POR,35.0,0.34903726978019467,-1.4702963967061982,1.2439612945140144,0.2973377468320791,-0.09054138119256368,0.23801710979806753,0.024439092812886455,0.03100356323239125,0.055442656045277705
1998-99,SAC,27.0,0.7075517599005825,-2.1355872059842667,4.067985035616567,0.2280535994986334,0.19649990493928968,-0.10283926867466758,0.04420768611888083,0.0,0.04420768611888083
1998-99,SAS,37.0,0.8254438160863566,-2.1503158708758905,6.279314556105051,0.19220040504251662,1.5133312586695584,0.43826169276133586,0.21753843483170476,0.060111133589434124,0.27764956842113886
1998-99,SEA,25.0,0.8592405948398497,-2.5733812012834036,6.079296431356857,0.194225215892464,-0.024580651060790052,2.117699404963109,0.0,0.3248492508984522,0.3248492508984522
1998-99,TOR,23.0,0.49055412952931515,-1.2255572382524147,2.473852642616664,0.2560435552647834,0.6875695420395359,0.22519182899584086,0.09870923595603588,0.029102375384598998,0.12781161134063487
1998-99,UTA,37.0,1.001495248377344,-2.047647533547794,5.7988201764792455,0.24265386176930048,-0.34987752652185145,1.5584792582925964,0.0,0.2218859184961295,0.2218859184961295
1998-99,VAN,8.0,0.032989209713978285,-2.6415998142412045,0.2487755928201284,0.17235924800315044,-0.4555556085873734,-0.15435072362081195,0.0,0.03211530033623827,0.03211530033623827
1998-99,WAS,18.0,0.7790203442697715,-2.2833390670377876,3.444830721031672,0.24272213001655085,-0.8711976001702278,0.8684099774443691,0.0,0.1552154257983902,0.1552154257983902
1999-00,ATL,28.0,0.42548015326668115,-2.142030495362305,2.406120740940886,0.23488811548974836,0.3582832155666727,-0.042541376099489284,0.06452376671522514,0.012063457995091884,0.07658722471031702
1999-00,BOS,35.0,0.6297303582822753,-2.391253726904447,2.771484838231418,0.22795123265335415,0.8884265336528521,0.5857741817054459,0.12469590257742298,0.10890183690834386,0.23359773948576684
1999-00,CHH,49.0,0.9674133222812052,-1.5044522617458251,6.220373523690628,0.22991697663733068,1.7320817119490595,1.0239019231313298,0.22774534005655847,0.12141539749458666,0.34916073755114513
1999-00,CHI,17.0,-0.34400901303136866,-3.631516149258773,-1.4115687881233698,0.19511391661148725,0.00043580927007072566,-0.5097668101349166,0.034109678140623316,0.0,0.034109678140623316
1999-00,CLE,32.0,0.11770596174534625,-1.3346783380758513,0.3123153383702066,0.2990493864826271,-0.2711381558834239,-0.11935741970415803,0.0,0.0,0.0
1999-00,DAL,40.0,1.0078896586661872,-0.8359497446414373,6.04668330570521,0.2556288356967366,0.12188166196273348,1.6740590869169387,0.009750532957018679,0.19920989993763102,0.20896043289464972
1999-00,DEN,35.0,0.5746677854828379,-1.2103074611645488,2.290503748907818,0.302580196241263,-0.2643381579324022,0.384871221714082,0.0,0.062326337272768886,0.062326337272768886
1999-00,DET,42.0,0.7542295196599237,-1.6449319855229516,4.171088010891568,0.23439565997876555,-0.43256537625649233,0.9621964047259917,0.0,0.12847308131361757,0.12847308131361757
1999-00,GSW,19.0,0.6443322783082286,-2.265910185806536,2.105154013105253,0.2669442291454907,0.3729035858719361,-0.025540636294806806,0.05846137254956946,0.04689870312219306,0.10536007567176252
1999-00,HOU,34.0,0.18396939367836243,-2.003407016425859,0.447765632280266,0.2425172355409544,-0.7973802354715956,0.4419702691264123,0.0,0.08690856000429895,0.08690856000429895
1999-00,IND,56.0,0.6762661931492976,-0.8719351398601647,3.3004720786994355,0.29812664493211233,-0.09211728817813798,1.2942555471689356,0.0,0.15635234093701755,0.15635234093701755
1999-00,LAC,15.0,0.2356840717345149,-1.9858474268094342,0.556746388369381,0.2655111045029249,-0.3559985269481928,0.04133156715656576,0.0,0.03319575595692535,0.03319575595692535
1999-00,LAL,67.0,1.2298206708774915,-2.4241427688666803,9.082903806645765,0.1966980593822769,1.1706907066803225,1.4379032230908353,0.14622831551356352,0.2106722287658942,0.3569005442794577
1999-00,MIA,52.0,0.8247147213085869,-1.4555726858291846,4.657149955040384,0.23598707769642252,0.5650411016581284,0.7946189697133464,0.061353183991447735,0.10911183676092823,0.17046502075237596
1999-00,MIL,42.0,0.8767166984692367,-1.8381546670462687,5.016013730217038,0.22055774270727663,-0.7741794099965843,1.8676952863618095,0.0,0.2615258517194587,0.2615258517194587
1999-00,MIN,50.0,1.005065224964417,-1.7336032980590874,7.579548669478512,0.20644896910147154,0.7363590301609327,1.5112470692097506,0.09705807124329707,0.19931285949154978,0.2963709307348469
1999-00,NJN,31.0,0.6510840394688245,-1.9315575444440003,2.768205059611297,0.26381948242359216,-0.24521518753414118,0.885654873172371,0.0,0.12994003704170776,0.12994003704170776
1999-00,NYK,50.0,0.3432080877675193,-1.4834845450201475,1.2694591923783676,0.27278232942489583,-0.5562900789284758,0.5536331481093845,0.0,0.07434744508105467,0.07434744508105467
1999-00,ORL,41.0,-0.1148318614469162,-2.6090408559160005,-0.0029863858994871872,0.18274550211205523,0.9189671480117427,0.06162395232850223,0.16439950927907981,0.03054887906618111,0.19494838834526093
1999-00,PHI,49.0,0.4978415818054469,-1.2523906845392045,3.1402077565542807,0.25634871966500145,0.8213246942374928,0.29775781471597695,0.10646266624270542,0.06434623399766257,0.170808900240368
1999-00,PHX,53.0,1.103190992168307,-0.5336156015406769,6.32319082348349,0.266085578763124,0.47018823003099575,1.1041993748959131,0.0529757966859751,0.13709169278223915,0.19006748946821425
1999-00,POR,59.0,0.5761724599284853,-1.5978175909967405,2.201954641326581,0.28686052083813607,0.47967617328715534,0.41359537413427333,0.0983448876167215,0.04501782795290208,0.14336271556962357
1999-00,SAC,44.0,0.7387720038344725,-1.9674362258672886,5.529271237193148,0.20949639220226235,0.7770519164073669,0.777651528581015,0.08587189908325811,0.12376233550385228,0.2096342345871104
1999-00,SAS,53.0,0.7814816112297089,-2.51005421874729,5.830576370727979,0.1982229560992092,1.1590669136455714,0.4604320454964875,0.16944970125591202,0.07847731472820516,0.24792701598411718
1999-00,SEA,45.0,0.8807691444821943,-1.7894759732446355,6.6152590524934825,0.196623438306802,0.5214765849888288,1.9048233701253132,0.08848720491111126,0.2616713396351997,0.3501585445463109
1999-00,TOR,45.0,0.9033035701372585,-1.7546889970361408,5.804163584158836,0.2444884046358557,1.1439641163125174,1.2144914804790818,0.14344847564694288,0.16994280439369022,0.3133912800406331
1999-00,UTA,55.0,1.024228786640714,-2.6796478311945844,5.978253709408956,0.23319643303288423,0.10579559769940221,1.8245852361023658,0.009919331346363656,0.26008045468613417,0.2699997860324978
1999-00,VAN,22.0,0.6576714565239175,-2.5275442268216235,3.13086936440538,0.23274902663425068,-0.3663964484041397,0.6517861320746207,0.0,0.11623838874717306,0.11623838874717306
1999-00,WAS,29.0,-0.11638246399355781,-1.9090187844521989,-0.6621232002048004,0.2827227891497754,-0.5669054992087746,0.17965471529502622,0.0,0.037530555330823535,0.037530555330823535
2000-01,ATL,25.0,0.25092359367033396,-2.783407413397252,0.3762675045459131,0.23099853203069814,0.2722321324700821,-0.1462533056730962,0.05237761997721041,0.01895328469460407,0.07133090467181448
2000-01,BOS,36.0,0.6167077125535121,-2.9507396993246906,4.0876197255522655,0.18604390621545142,-0.12686634379315218,0.9703775377011984,0.0,0.14719142730699508,0.14719142730699508
2000-01,CHH,46.0,0.7321981507024059,-1.4482697318580147,3.319030636714151,0.2651911801481634,0.08411895354840157,0.6565185841971551,0.006729516283872126,0.10910762513911432,0.11583714142298644
2000-01,CHI,15.0,0.5172604668306762,-2.1426945479684436,2.114389775436837,0.2440266167458106,0.49550378991923966,0.2889456486759716,0.08893920984004518,0.06827272470517182,0.15721193454521698
2000-01,CLE,30.0,0.14411486520042185,-2.172014866895031,0.3461564366512313,0.21501036364910192,0.09558346076550979,0.07216237089893845,0.024957799487024847,0.0450839620573742,0.07004176154439905
2000-01,DAL,53.0,1.1831396032146149,-0.6800672630898987,7.616703875606027,0.25980486559993227,-0.08511702047351569,1.9492493481225777,0.0,0.23673789744314544,0.23673789744314544
2000-01,DEN,40.0,0.7996249560506241,-1.44465755373745,4.025263016655833,0.2515590563015451,0.3087042126530505,0.7501791428840968,0.06758338793832648,0.0869719070908353,0.15455529502916177
2000-01,DET,32.0,0.25954762702333234,-3.075120364943428,0.8522695390137603,0.20625067280683668,-0.03669107698847295,-0.0008354239100922607,0.02517946805090712,0.031046867512778582,0.0562263355636857
2000-01,GSW,17.0,0.5856042082131776,-2.215480553359598,2.4264271924604355,0.24723666141563733,0.5361820617322762,0.21313503639367817,0.07452975524800215,0.0802529033459452,0.15478265859394735
2000-01,HOU,45.0,0.3225223589182037,-2.049149210697755,2.354883036873882,0.20485568733823384,-0.4802757772142777,0.7689907409155045,0.0,0.10550536997828437,0.10550536997828437
2000-01,IND,41.0,0.7893269509116166,-2.4606218717121733,3.36651199412483,0.26099426044871044,-0.1670271942168543,1.3101705056417268,0.0019413065221996883,0.19704168690174617,0.19898299342394585
2000-01,LAC,31.0,0.07583084353264377,-2.4732961247923075,-0.05992356258863721,0.21519154377229277,-0.29621392456908424,0.26425804162004013,0.0,0.07376926857978625,0.07376926857978625
2000-01,LAL,56.0,1.1409019359276913,-2.3601850177699424,7.810405761697213,0.21679861829694408,0.6719566153133727,1.275705742884012,0.10450215294149887,0.18017668748604893,0.28467884042754776
2000-01,MIA,50.0,0.7249713740349264,-2.825335766498059,2.5532100379671476,0.27053668779194123,0.09995376009641838,0.776903295285111,0.008877661061108148,0.1343619753387005,0.14323963639980866
2000-01,MIL,52.0,1.033078508068916,-1.268431577469005,5.948084422265769,0.25589777074615555,-0.5514914960797069,1.9193067232117242,0.0,0.2406777904009303,0.2406777904009303
2000-01,MIN,47.0,1.0156081005866127,-1.7907300848972463,6.7780083527225266,0.22053266296494245,1.0659469969971627,1.3461177999231768,0.141079150707819,0.17986402101296411,0.3209431717207831
2000-01,NJN,26.0,0.48115833808669534,-1.5893180131160503,2.3279347726073127,0.2487692940477087,-0.36445094822708235,0.6514681414805606,0.0,0.08507617395013775,0.08507617395013775
2000-01,NYK,48.0,0.543136766556341,-1.0770306817472035,2.799285878477112,0.28958862612701264,0.8476553724114464,0.4143858086010581,0.13625742894388446,0.04968368669314112,0.1859411156370256
2000-01,ORL,43.0,0.9605113955262801,-2.7683557948885005,6.060846869706087,0.21408705680945722,1.0857489819667305,1.4170566425370656,0.16251084872998603,0.19342421230288812,0.35593506103287414
2000-01,PHI,56.0,0.6667959354158769,-1.3908304666327136,4.098739639017425,0.237816578089588,0.578072733182658,0.7115909632671641,0.07497928865609611,0.12089008022383105,0.19586936887992717
2000-01,PHX,51.0,0.7982710394856406,-1.9607302061729395,5.117259593439981,0.22421117108962507,1.2033517796927233,0.6717350064887411,0.15539655415781267,0.09611743164309003,0.2515139858009027
2000-01,POR,50.0,0.5430767612091509,-0.570497583861516,3.6276490372242782,0.2858650448604597,0.34978066379691797,0.8646338900283141,0.03916634209035855,0.1184585455005778,0.15762488759093635
2000-01,SAC,55.0,1.1696577331897093,-1.455468494671468,7.468072483904961,0.2558357721057474,1.1842675301146155,1.1095494440332703,0.14962478831069442,0.14716663004049782,0.29679141835119227
2000-01,SAS,58.0,0.7634584305383376,-2.062809278048236,4.297755521211409,0.23659565567681384,1.2114871351343315,0.34825139752747436,0.1866858390523562,0.04131881496503091,0.22800465401738712
2000-01,SEA,44.0,0.7774904527350753,-2.0147709666381513,4.303031811124604,0.2313150181733245,0.22139122160846786,1.529482226356041,0.039892526850782456,0.22979431716493623,0.2696868440157187
2000-01,TOR,47.0,0.9123000391709696,-0.7709942585469964,6.39520537637335,0.25277872456755307,0.6137791955991821,1.4714597469342432,0.04910233564793457,0.18195287247606823,0.2310552081240028
2000-01,UTA,53.0,0.7983426927637896,-2.6824490913112666,3.9093582739245862,0.2413858217006462,-0.04832689555644024,1.17675782386302,0.01749111126193137,0.16509749063464518,0.18258860189657655
2000-01,VAN,23.0,0.3879032720036304,-2.7467790432680133,1.3980840693761258,0.22318831282200596,-0.6317893817603785,0.49431633569653666,0.0,0.09910886314020975,0.09910886314020975
2000-01,WAS,19.0,-0.006336470987734044,-2.0078301074809226,-0.2834574454117492,0.26568967562852497,-0.8994905390202088,0.2705870039750573,0.0,0.0786263247936709,0.0786263247936709
2001-02,ATL,33.0,0.2712028417978183,-2.7072533694258976,1.6195977229282728,0.16633645574597045,0.12172872141281085,0.37970465424178507,0.054466764960063356,0.0665488512744096,0.12101561623447296
2001-02,BOS,49.0,0.9474364334441479,-2.8017007225069257,6.587548472483327,0.2091864551318635,0.8553789519136932,1.4000035986775925,0.12910541923481955,0.1992814003300638,0.32838681956488336
2001-02,CHH,44.0,0.7807398443014556,-1.5015896254788395,3.4986958891112194,0.2852633267001729,0.35703995455201004,0.556964765674438,0.06526721627759788,0.07652069592444816,0.14178791220204603
2001-02,CHI,21.0,-0.378185636718707,-2.6415487980848087,-1.8303571364873716,0.27710044982295273,-0.2571069207258663,-0.3837333727765962,0.0,0.0,0.0
2001-02,CLE,29.0,0.5269962911094173,-2.0404758564648176,2.4212934810542914,0.23322485546802157,-0.026239750347216817,0.9664182764922049,0.013269635886732325,0.15011379839623906,0.1633834342829714
2001-02,DAL,57.0,1.1305658660829128,-1.250623926290693,7.443593174550915,0.24849265112187752,-0.22632356299193757,2.049196823646594,0.0,0.2461941236189687,0.2461941236189687
2001-02,DEN,27.0,0.3550516046982502,-2.4631509232853035,1.756484454630147,0.20907774500705018,0.24887059686330837,0.6667036197839834,0.03229542009124023,0.11301352053326132,0.14530894062450156
2001-02,DET,50.0,0.6789478064179514,-1.6211865632548386,3.8675938922895536,0.2491507990282545,2.4899430889520717,0.005658602386057159,0.35868811199645606,0.00039610216702400114,0.3590842141634801
2001-02,GSW,21.0,0.03458518445095449,-2.513820071433259,-0.39695963581412547,0.23439456653988383,-0.36193943407880713,-0.264664815230714,0.0,0.022880406388891442,0.022880406388891442
2001-02,HOU,28.0,0.46285397149780766,-1.870136234322282,1.6245876938205166,0.2509800791679915,-0.21880226505124692,0.22702293016401556,0.0,0.04566130752023198,0.04566130752023198
2001-02,IND,42.0,0.6776309517055823,-2.196626774974245,2.749193447316471,0.2493883697692968,0.17734899893654546,0.6058882180423142,0.0349694996728801,0.11849246035143125,0.15346196002431134
2001-02,LAC,39.0,0.4211690452001619,-1.6162659310177867,2.921339447268183,0.23391203551179401,0.6396355836783814,0.22861267348863232,0.10150587136418907,0.03781788729612921,0.13932375866031826
2001-02,LAL,58.0,0.9729795102541677,-1.4764124716525964,7.131602106230303,0.22815741835258663,0.4204939042464593,1.3768365035074759,0.04102793350462118,0.18495731412915983,0.22598524763378103
2001-02,MEM,23.0,0.3844304261975696,-1.9269152400278924,1.2775400831754338,0.25339617128378544,0.24347061253659708,-0.025024295292723278,0.0423921792299838,0.03938793840896415,0.08178011763894795
2001-02,MIA,36.0,0.3242994634317082,-2.502719427009825,1.3763588849934836,0.2100768513748092,0.31088352993178825,0.3137565349366764,0.06471026351591337,0.06727137420793468,0.13198163772384805
2001-02,MIL,41.0,1.0751655687125201,-1.780718597870093,6.040923359921865,0.2420524377837881,-0.6175165237774308,2.0636438772557746,0.0,0.2572197339738317,0.2572197339738317
2001-02,MIN,50.0,0.8537421545155417,-1.5909779149929903,5.766021108425437,0.22699545099888085,0.022389645939809803,1.1986336784275022,0.0029896795494380093,0.1542464504869615,0.15723613003639952
2001-02,NJN,52.0,0.6148073681396109,-2.0375835415727384,3.120147722436828,0.26023948791543144,0.3504403919210941,0.5371392286231329,0.052378533453512455,0.07840779474277892,0.13078632819629138
2001-02,NYK,30.0,0.354053722053827,-2.1551706522550687,1.0482293922114143,0.25045047503003903,-0.8332590976625996,0.6286814760925575,0.0,0.10983069498269762,0.10983069498269762
2001-02,ORL,44.0,0.8966856991338195,-1.5543389735990503,6.0319074666751975,0.23272080618622204,0.4778693110477324,1.6819419647717557,0.07620576969793241,0.2101850410372369,0.2863908107351693
2001-02,PHI,43.0,0.8935929812392555,-0.8307556500614145,5.861379282637805,0.2584969851497133,0.42479372245603764,0.7015878801378163,0.066521628159197,0.08528464203660543,0.15180627019580245
2001-02,PHX,36.0,0.5982086080937872,-2.6734095129382682,3.2497285528960345,0.2121875089285758,0.4864802572406264,0.6807833708340078,0.049231964252720084,0.12821810177013265,0.17745006602285274
2001-02,POR,49.0,0.7250656217783763,-0.38964530741508385,4.490532001649375,0.2897663071893903,0.7540546149775855,0.7741729473320307,0.10118698097664257,0.09139535883954361,0.19258233981618617
2001-02,SAC,61.0,1.191993983819458,-0.3250574765298206,8.093219626770564,0.2714316770323051,0.9715045596646826,1.230811454967778,0.11742305531059914,0.13892539339978544,0.2563484487103846
2001-02,SAS,58.0,0.5737860869944126,-2.5052062375722945,4.83905964609731,0.16246988003908494,0.798683276790823,0.6265684680255318,0.11577896105812346,0.11689500022274682,0.23267396128087028
2001-02,SEA,45.0,1.1997713769486005,-2.3994032912777747,7.808595014219708,0.23207858144697996,0.6749062363432369,2.3786057092776574,0.11608679534616154,0.32558750845937173,0.4416743038055333
2001-02,TOR,42.0,0.5855183597720993,-1.8412673557718573,3.3394579386435237,0.22673146113684667,0.29750370434258055,0.7903594960517373,0.024503508237496367,0.1372665382597624,0.16177004649725876
2001-02,UTA,44.0,0.7990714175752099,-2.116309758689529,4.219194089491951,0.24677383719592583,0.8499214685267317,0.5259728300729241,0.12659339845148487,0.08486845212253843,0.2114618505740233
2001-02,WAS,37.0,0.18925205636586145,-1.8265302586662058,0.939210859512254,0.24370972966228344,-0.616818780396826,0.5980799475773608,0.0,0.0917907231436195,0.0917907231436195
2002-03,ATL,35.0,0.7987627860185114,-2.113537306027794,3.512190623571169,0.2580201743184802,-0.3562690081920194,0.8085239006804508,0.0,0.11624503938465117,0.11624503938465117
2002-03,BOS,44.0,0.5456931607278696,-1.9915464569398178,3.0623097534156467,0.22556594550426828,-0.06027138624078819,0.5583529345302534,0.0,0.08594101703851352,0.08594101703851352
2002-03,CHI,30.0,0.1036340295013688,-2.521454472027461,-0.048122162890166006,0.21555518128965373,-0.2857414396206543,0.04685353776781165,0.0,0.0380244795661276,0.0380244795661276
2002-03,CLE,17.0,0.1646343454696132,-2.381622507468555,0.17611383320798044,0.2341982314972429,-0.1909685784885632,-0.09613154043378841,0.00816195162101537,0.02351690424157267,0.03167885586258804
2002-03,DAL,60.0,1.3455838341735458,-1.0229523789086699,9.165548253556016,0.24967558781274468,0.868730272652487,2.4176134467745483,0.11791609790860118,0.28194746858093356,0.39986356648953475
2002-03,DEN,17.0,-0.5215624192350595,-3.923125111122004,-2.4281649137490335,0.23197483245883227,-0.13846416766096592,-0.5609785836601032,0.02063785460319704,0.0,0.02063785460319704
2002-03,DET,50.0,0.4303726447236412,-2.1941863797271255,2.0085518465688654,0.21679441839646157,1.4478172847878426,-0.20239856689934074,0.21157450343225886,0.0,0.21157450343225886
2002-03,GSW,38.0,0.5635048694416879,-1.3222062183457055,2.2506851073006966,0.28971950781380323,-0.546611960794389,0.4406727507373885,0.0,0.07799997850851305,0.07799997850851305
2002-03,HOU,43.0,0.5370443435324999,-2.322603505334362,2.1692471490955394,0.23192016271265115,-0.1984101336948277,0.5417661807263495,0.0,0.09470604334301919,0.09470604334301919
2002-03,IND,48.0,0.7700919156178984,-1.4894625616426276,4.165586704984,0.25900084074190066,1.2854631585418042,0.42982760540091536,0.18120901121829,0.07579408572995971,0.25700309694824974
2002-03,LAC,27.0,0.4637770093734092,-1.7521316889983274,2.647879364040533,0.23884482637513615,0.28114334825440185,-0.08382019410387453,0.03366805681095375,0.03894189845178759,0.07260995526274133
2002-03,LAL,50.0,1.2347991710700283,-1.932024054265194,9.507161482313961,0.2018991875149492,0.8829231409062166,1.7465364626560484,0.11870668449286875,0.23041161365371438,0.34911829814658313
2002-03,MEM,28.0,0.4922262883523906,-1.4000967248476757,2.0231193912663303,0.2735851728986855,0.14354565102467232,0.7559423651378031,0.011483652081973786,0.12348008101052668,0.13496373309250048
2002-03,MIA,25.0,0.2398737358955184,-2.4295999762734724,1.091500907558998,0.2056115141134534,0.33808875266312366,0.29963047516953384,0.07255063292261614,0.06072881535121105,0.1332794482738272
2002-03,MIL,42.0,0.8915004399056499,-1.2879013347310035,4.521368934705658,0.2611748969049993,-0.41192615654890763,1.7913105595858625,0.0,0.22750248118670202,0.22750248118670202
2002-03,MIN,51.0,0.9722908943612547,-2.0775834906147903,6.67070737732249,0.2058513370685311,0.43241881446033964,1.2939916703710566,0.06676384418678141,0.16837158466258495,0.23513542884936636
2002-03,NJN,49.0,0.8346113025011352,-2.1168955780964493,4.285064460412951,0.24315259386099847,0.4349421374777731,0.8981902545083276,0.06932986683499733,0.12723890214662031,0.19656876898161763
2002-03,NOH,47.0,0.9021098990024433,-2.107705690019645,3.796267796272475,0.25390864862921936,-0.2651849801821061,1.2100298160989054,0.0,0.18573140592465048,0.18573140592465048
2002-03,NYK,37.0,0.46983711932455147,-1.5307744141230333,1.8141528113540408,0.27701937086317496,-0.6188109934881106,0.9823155093455156,0.0,0.14027925965950508,0.14027925965950508
2002-03,ORL,42.0,0.8986594440626672,-2.3053442986122716,6.5104140860671835,0.19627247790339764,0.12376591543002398,2.1177479602926708,0.02752269978261869,0.28377501093976343,0.3112977107223821
2002-03,PHI,48.0,0.6557349303464125,-0.884529769105134,4.001532844690301,0.264176693410282,0.264942916963028,0.8265400962617825,0.021195433357042243,0.12272943715576703,0.14392487051280928
2002-03,PHX,44.0,0.8413496605684185,-2.755253413532966,5.899984177460751,0.1894006183555178,1.0347865816456312,1.1445799247473858,0.1448730611809313,0.1663944047861099,0.3112674659670412
2002-03,POR,50.0,0.41041614875704113,-1.8314700794653116,1.7789482727711654,0.24698535860782195,0.060438300395681696,0.5621242144397818,0.00732806111261426,0.09530078986355381,0.10262885097616807
2002-03,SAC,59.0,1.1055923831364447,0.23302961282762935,6.7892119316331705,0.2838198655690059,0.608590547397605,1.187505238329453,0.059324919735229055,0.13600831097543137,0.19533323071066042
2002-03,SAS,60.0,0.5384383507124785,-2.172919312587408,4.340849572896275,0.1891123639116178,0.7674413073678074,0.29380330401146776,0.10744659363572753,0.07001079066007429,0.17745738429580182
2002-03,SEA,40.0,0.7907200863604483,-2.2116651803084713,4.079755322049031,0.2339395366289992,0.22084793912166895,1.2158764466758012,0.03211433534260109,0.17615893235073385,0.20827326769333493
2002-03,TOR,24.0,0.4404520599545907,-0.9218961281697446,2.429678428251565,0.2633667118297793,0.2001215376696487,0.7172683812129859,0.016009723013571897,0.11317168975729622,0.12918141277086811
2002-03,UTA,47.0,0.7869958866767904,-2.4134839406597974,3.1499509212785157,0.26806672055655173,0.650338691065954,0.6518367337723682,0.09692732745928365,0.1172990986008686,0.21422642606015224
2002-03,WAS,37.0,0.4875082139475597,-1.6283564814760745,2.175062306364818,0.26326980485259666,-0.03331442275360154,0.6162326169446581,0.0,0.08325548609623432,0.08325548609623432
2003-04,ATL,28.0,0.6531049348464395,-2.769321151837862,2.4075364130284265,0.2401298154805641,-0.04612612348105986,0.5453032991014094,0.018064486261929826,0.10423388171591623,0.12229836797784606
2003-04,BOS,36.0,0.44345403453938576,-2.121228051104958,1.8491709507087615,0.23715682089475748,-0.09589388316159544,0.5232420712676118,0.0,0.08368592688799738,0.08368592688799738
2003-04,CHI,23.0,0.15415372003959987,-2.196703059016015,0.34003825698545986,0.22295396802480666,-0.5001697182611096,0.35731035031945896,0.0,0.0836482618558116,0.0836482618558116
2003-04,CLE,35.0,0.8799627369896482,-2.9046593390597932,3.5147242315506984,0.2667527544512516,0.3731828972829985,0.5300888796923982,0.06263547964539419,0.09777808855805875,0.16041356820345293
2003-04,DAL,52.0,1.344851127119063,-0.38429669741820194,8.981029489030968,0.273289525562243,0.7549172010630831,2.5419741917251195,0.08868718604514568,0.3203326580068294,0.4090198440519751
2003-04,DEN,43.0,0.5372743149986465,-1.1061820511017157,2.265705829013862,0.29728895196592053,0.8306172733758905,-0.05290073279257997,0.13075019351579836,0.0,0.13075019351579836
2003-04,DET,54.0,0.4992542815750539,-2.1024095197481345,1.7389527242240006,0.24939908104559622,1.1078535365565834,-0.027766291737604074,0.16431432074669783,0.021677630997901876,0.1859919517445997
2003-04,GSW,37.0,0.3101136548823253,-1.3861802368816214,1.1860918279375356,0.2655885994125737,0.09896156701321308,0.026906573995200217,0.01251028555537325,0.02056478446052434,0.03307507001589759
2003-04,HOU,45.0,0.6838242202554697,-2.2618846029643396,2.2783925704050163,0.2727680674523641,-0.34055508284937963,0.5610923602775186,0.0,0.10560566849072017,0.10560566849072017
2003-04,IND,61.0,0.5487130890910262,-1.882998281708136,2.5582427471265,0.22987629815241517,0.8263359976427904,0.2835808561502078,0.0983116947138929,0.05240620001206767,0.15071789472596056
2003-04,LAC,28.0,0.5884549953093657,-2.3256326467665165,3.147699991405724,0.2178724334052084,0.10241304018719058,0.39686339429078216,0.03350799107567455,0.08342379299405908,0.11693178406973363
2003-04,LAL,56.0,1.2073945875945349,-2.0892662915742113,6.608515048389006,0.2646034158903838,0.36745232151771273,1.140286769494222,0.0408304619317065,0.16348006379481983,0.20431052572652633
2003-04,MEM,50.0,0.4203774297792942,-1.5077184955338656,1.6923706534264615,0.26746493902624646,0.6914569573705827,0.5837698836743956,0.09567387559136818,0.09145997737154304,0.18713385296291124
2003-04,MIA,42.0,0.525426605591719,-1.7452418995360435,2.2255417604404157,0.2662332997328425,-0.17868052857630767,0.5385488640941636,0.0,0.09921241562542742,0.09921241562542742
2003-04,MIL,41.0,0.24028827923632576,-1.814237582396446,1.4076287122350202,0.23396810543723462,0.09096995283578016,0.5524838200560507,0.062007304342056084,0.07247574901648852,0.1344830533585446
2003-04,MIN,58.0,1.199532179661101,-3.388315645780763,8.579105571125183,0.18959874378400737,0.9840743874078962,2.0496314687897126,0.1407374629900402,0.28991762353912254,0.43065508652916273
2003-04,NJN,47.0,0.9752098758290553,-2.1806336663452024,4.323892262224138,0.2733318308124843,0.4723884525364849,0.8030094086521826,0.06266549300834018,0.1281641709743795,0.19082966398271967
2003-04,NOH,41.0,0.7109607668091298,-2.2050545908362538,3.8633978409301966,0.2162672409127786,0.7022789592840243,0.7680411260112103,0.09970579111861533,0.11376458738099224,0.21347037849960757
2003-04,NYK,39.0,0.6218358560248474,-2.130170034210498,2.5711953226513864,0.25951308088852953,-0.9444235099924783,1.0523031180794324,0.0,0.16779845417301392,0.16779845417301392
2003-04,ORL,21.0,0.5119856894806282,-2.0948672934348718,4.478624457444744,0.18074645226442007,-0.5586816122369042,1.631937810390215,0.0,0.23371501499488512,0.23371501499488512
2003-04,PHI,33.0,0.3715327890769187,-1.3835990950656907,1.8739239263118224,0.24507705392532314,-0.06789287023695204,-0.021319723007797445,0.004870661381640637,0.005661968944281441,0.010532630325922079
2003-04,PHX,29.0,1.1689706952272008,-2.061341899021799,7.017702593242172,0.2525365952010279,1.1309737924083207,1.2043399621503552,0.15782160380916557,0.159498166012418,0.3173197698215836
2003-04,POR,41.0,0.7548807197816227,-1.1165941305652751,3.1274892489273145,0.2838324111946726,-0.31596884784293244,0.7585415985749745,0.0,0.09816223708893343,0.09816223708893343
2003-04,SAC,55.0,1.3825654847227047,-0.5385584597116575,9.199419475539898,0.25817891551597427,0.5832973957809332,2.6512388219978638,0.08794662546079475,0.3045343476833583,0.39248097314415303
2003-04,SAS,57.0,0.4912516554574375,-2.312032399767144,3.8227440802001995,0.18766762083209898,1.1280805011444819,0.04282763142233252,0.1332364787056256,0.03977257322230606,0.17300905192793167
2003-04,SEA,37.0,0.9491653833599905,-1.8769269115274254,5.239488135709843,0.24454536304455549,-0.1397578166487522,1.9309323901794397,0.006629130535453777,0.2384363121655682,0.24506544270102198
2003-04,TOR,33.0,0.7532251413885058,-2.275300255884762,4.198125897283388,0.2121495728957189,0.7642333985752565,0.6863365583255033,0.10437294246690706,0.0930436132529623,0.19741655571986938
2003-04,UTA,42.0,0.024491535100562706,-2.309674020772291,1.220895052476485,0.15302301910965704,1.340345747966382,-0.12480933016978822,0.21859467545711747,0.0031923655205725824,0.22178704097769006
2003-04,WAS,25.0,0.08171260986121304,-2.7346114503430945,-0.24147051463514488,0.21413668186798274,-0.20079803430374704,-0.2072477301961383,0.0,0.02427652669791482,0.02427652669791482
2004-05,ATL,13.0,0.1453157266815457,-1.5717553010397656,0.3735129389726347,0.2807538463070989,-0.7934547328832112,-0.07632076133418629,0.0,0.018242669448560324,0.018242669448560324
2004-05,BOS,45.0,0.49860348585239767,-2.810714221312354,1.9505592694039093,0.22398216577816565,0.035721135350296876,0.7651377072872789,0.01988390901982715,0.1296839630095859,0.14956787202941305
2004-05,CHA,18.0,0.2870703452966627,-2.274233991821864,0.7089306679401227,0.24709325601374332,0.6284012949266747,-0.022265766072108683,0.06574376886204542,0.05225202275693151,0.11799579161897693
2004-05,CHI,47.0,0.05557835501822575,-2.4158099905688126,-0.14935865353346406,0.21772292123358883,-0.08551365009521585,0.04342398027465838,0.015029411412285983,0.041910714636305295,0.05694012604859128
2004-05,CLE,42.0,1.0430270012296117,-2.985565795730821,6.301353035953835,0.22065613574825405,0.7637549985799155,1.1918928101535344,0.10027551988677774,0.18594968666342993,0.28622520655020767
2004-05,DAL,58.0,1.0191586672185264,-1.2468960014903128,6.977488194861717,0.24410529820955207,1.084348485312182,1.6266507469722538,0.14808614934607134,0.2203285391175932,0.36841468846366454
2004-05,DEN,49.0,0.5185732549874214,-0.7636985251710444,2.350199046662547,0.3076735128657318,0.9066447298251541,-0.26911077044095305,0.11531302516036143,0.0,0.11531302516036143
2004-05,DET,54.0,0.7488072852691275,-1.2040400530538775,3.236199878259798,0.26983410904345706,1.0165154210118923,0.33461684547516296,0.16210765736313826,0.04780481138278171,0.20991246874591996
2004-05,GSW,34.0,0.6881160676459729,-1.7847489247088144,2.9807349755387933,0.2648643580134515,0.3095842933720166,0.5857654408198163,0.03424788198463008,0.09257023575873805,0.12681811774336813
2004-05,HOU,51.0,0.6876197190973532,-1.5530237124185513,4.992111817605878,0.22322875435942852,0.3588272771743313,1.1313861385349298,0.0542825402776726,0.1414460313475241,0.1957285716251967
2004-05,IND,44.0,0.3811383212146642,-1.4809291263941198,1.8450145305142027,0.2651824678953924,-0.15586505585678626,0.3074276896290542,0.0,0.04449282945055158,0.04449282945055158
2004-05,LAC,37.0,0.7736327705680264,-2.4738753691988276,3.152755979428685,0.24385036543047534,0.39661164553117667,0.5112833465717149,0.06358140480671082,0.10110937967937372,0.16469078448608454
2004-05,LAL,34.0,0.7888225124537954,-2.1312490150130046,4.045308891770597,0.23114576430946387,-0.7793848347866318,0.9817254086043337,0.0,0.14912145379384678,0.14912145379384678
2004-05,MEM,45.0,0.19635992230439792,-1.672086599559295,0.6779961692075944,0.26095229874757897,0.10676114880053963,0.3678370820078524,0.00854089190404317,0.07989171250358498,0.08843260440762815
2004-05,MIA,59.0,0.9284876998784506,-1.9078246238065182,4.822421188668206,0.23422783513981327,0.2585124912759057,0.42049578256519715,0.06396954027313106,0.036327088682832485,0.10029662895596356
2004-05,MIL,30.0,0.11236396811159444,-1.4539709435776302,0.5103721252185502,0.2652700839035688,-0.6679136672632303,0.4768354325269588,0.0,0.07900902895159789,0.07900902895159789
2004-05,MIN,44.0,0.6926616689385082,-2.098346033522949,5.64700090487934,0.17332780615823962,0.48849287788926216,1.0651132793869715,0.10242690177283278,0.13637821189284513,0.23880511366567791
2004-05,NJN,42.0,0.9213208136050306,-2.3735908089225357,6.465907734307459,0.20501870394951954,-0.23091889914094765,1.56959392831502,0.0,0.2158066924884658,0.2158066924884658
2004-05,NOH,18.0,0.006232607565935647,-2.564407656131105,-0.5488909690878022,0.24870757513284508,0.009391011102043404,0.09837733731997397,0.02903283356317104,0.03418563822456797,0.06321847178773901
2004-05,NYK,33.0,0.7712766428802736,-2.1964648770193804,3.8131971286587487,0.2441416676331657,-0.0027882308784917447,1.220211944674896,0.029117655145547577,0.1669334296824217,0.19605108482796926
2004-05,ORL,36.0,0.5027109304027145,-1.713304521909467,1.7809742414817649,0.26369605997888057,0.09225375901027859,0.011530994005875594,0.034834244447879,0.015572105332818999,0.050406349780697995
2004-05,PHI,43.0,0.6101205453877169,-2.313776359470395,4.235636718110014,0.19400688634483165,-0.09058639725991928,1.0975358741768533,0.0,0.17857217694962468,0.17857217694962468
2004-05,PHX,62.0,1.7074368327150014,-1.0170431568236187,11.275665434843841,0.23986510751719997,1.6278905713975278,2.1044123317116066,0.2084443983970632,0.24691556846232146,0.4553599668593846
2004-05,POR,27.0,0.2343742183675952,-1.4536196103926762,1.0466635405401843,0.26066892744165443,-0.2640898980441427,0.5124521849573073,0.0,0.10802345721070208,0.10802345721070208
2004-05,SAC,50.0,1.6023337907623203,-0.23810509614254716,9.902264805155125,0.26984818037118075,0.9235410252259427,1.892903288955927,0.1271733472249076,0.19935533469946648,0.3265286819243741
2004-05,SAS,59.0,0.5232689625286026,-2.289660630445297,3.23186924450972,0.20751462407424398,0.7475745298776687,0.5047868294153571,0.06489161492672438,0.10156306637714534,0.1664546813038697
2004-05,SEA,52.0,0.6857520156205724,-1.7066833631956189,4.03860592689299,0.2391119497595619,-0.23661412151864483,1.7372765137554467,0.0,0.22648224667970898,0.22648224667970898
2004-05,TOR,33.0,0.553903537258499,-1.349194526447156,2.1958758413499417,0.2817844193283669,0.23719713692230804,0.6016890155362346,0.03237782735226995,0.0646428273736605,0.09702065472593045
2004-05,UTA,26.0,0.05915196270241524,-2.6662205218264257,-0.39264846586759145,0.23580803625862484,-0.5935754695055001,-0.04465290182158025,0.0,0.019902534229318192,0.019902534229318192
2004-05,WAS,45.0,1.1260349641967544,-2.7951045949553466,6.351359550523354,0.22167109108629324,1.166268333775699,1.2771083293083327,0.14920398604838575,0.19844330479959182,0.3476472908479776
2005-06,ATL,26.0,0.45810383404508437,-1.7214040317553319,1.6296835306114852,0.27811728049006956,0.009881039714752614,0.23027118686087078,0.019615598947725944,0.055950793515150476,0.07556639246287641
2005-06,BOS,33.0,0.6257112724403245,-2.761437762584154,3.0731414495181446,0.22033246744323648,-0.5858617578397045,1.0281492618114862,0.0,0.17211506581970248,0.17211506581970248
2005-06,CHA,26.0,0.3693961298809281,-1.8288072009191914,2.0136302509037978,0.22785112384315465,1.697726951288637,-0.0483191035251149,0.21490650445775458,0.0251042327959717,0.2400107372537263
2005-06,CHI,41.0,0.3569640034340892,-1.237386707202387,1.4369701863581334,0.30326325758187567,-0.3408900153885661,0.6669169566673613,0.0,0.09986168697293252,0.09986168697293252
2005-06,CLE,50.0,0.8372683221676147,-2.038413560207719,5.798942101356673,0.19826228298576065,0.17777598396921904,1.0630656511370622,0.025003814960173634,0.15123047385279048,0.1762342888129641
2005-06,DAL,60.0,0.8121207965375286,-1.9199764411296827,5.665613027906219,0.22357432732058752,0.36882577318922627,1.6810176923229183,0.045585026016714686,0.2395209912399523,0.28510601725666695
2005-06,DEN,44.0,0.7871539806739564,-1.204730298264454,4.785068911350573,0.2588525120668549,1.689286544766805,0.04946403998308706,0.21125775335263194,0.0034624827988160942,0.21472023615144803
2005-06,DET,64.0,1.02596423954104,-1.3286067819433207,5.655648729717681,0.2639237772239905,0.915934380076832,1.4729596978603958,0.11138738035387886,0.1832557810392013,0.29464316139308017
2005-06,GSW,34.0,0.8142684254780049,-1.7874476650091091,3.8290696593187574,0.25776840746554436,-0.0425902838135537,0.9820982873209602,0.0,0.14850160571062487,0.14850160571062487
2005-06,HOU,34.0,0.6997005418449831,-1.8917990901371557,4.02382775923011,0.23660820267339683,0.0009905373415406938,0.5952278849534217,0.013467880556658953,0.0903371817532397,0.10380506230989865
2005-06,IND,41.0,0.07297419129598334,-2.0500615526687396,0.09411054461588883,0.23884605363688938,0.26494499006721395,-0.3822629252300944,0.06598463417494502,0.0,0.06598463417494502
2005-06,LAC,47.0,0.9249329584164387,-2.8856532643756916,5.470520599326218,0.22672234519431267,1.0644377776694793,0.8122237228995678,0.14900874689880916,0.13341268720787397,0.28242143410668313
2005-06,LAL,45.0,0.8995249006885311,-1.8648641855502597,6.512918621369489,0.21097055959056782,0.06640337540336859,1.5759961104339102,0.0053122700322694874,0.2101992008663825,0.215511470898652
2005-06,MEM,49.0,0.552207784093338,-1.5884959001562649,2.5193066903464505,0.2680345218653285,0.6441376548871582,0.3541261724926667,0.10010630044687549,0.04783167159475359,0.1479379720416291
2005-06,MIA,52.0,0.6539105063317355,-1.3791947303985008,3.8476724618933864,0.2537577417503367,-0.15753572619376985,0.6222429609109641,0.0,0.0860168734739202,0.0860168734739202
2005-06,MIL,40.0,0.38806725811485426,-1.3496433587743402,2.163372804572295,0.25428787719577106,-0.3484760894136959,0.8501872572142172,0.0,0.11573404430765058,0.11573404430765058
2005-06,MIN,33.0,0.8530354771065729,-2.5312699194156556,5.800928813015397,0.19366581776404582,0.21935464515543204,1.212991210389977,0.017548371612434565,0.1971385556272556,0.21468692723969016
2005-06,NJN,49.0,0.9625016023985915,-3.062047918387723,4.845995799101499,0.23912686353333856,-0.032663839058257524,1.2580181108815671,0.0,0.1961634597335295,0.1961634597335295
2005-06,NOK,38.0,0.5041756585144799,-2.3988382742753465,2.7254273479960625,0.21919104359150499,0.7100368265308089,0.6626483394477849,0.10868448836858403,0.1051579448153485,0.21384243318393253
2005-06,NYK,23.0,-0.20590168788161473,-2.760436485942402,-1.4049599752455932,0.2647534897521168,-0.8637070202165542,-0.0038585720399781803,0.0,0.03417287176042879,0.03417287176042879
2005-06,ORL,36.0,0.33976061240540983,-1.9854096043007612,0.9500891168305416,0.2769103988180472,-0.5087739505073656,0.05850992634960504,0.0,0.030996406906834292,0.030996406906834292
2005-06,PHI,38.0,1.013477763028543,-1.5419291896329779,6.58178773032945,0.23366480869770545,0.07057883413117387,1.5310201984540899,0.0056463067304939095,0.22145424021575277,0.22710054694624668
2005-06,PHX,54.0,1.5829174462546987,-0.6789465554615453,10.91740361526087,0.2598001152967307,1.054879297449682,2.5104386220055255,0.14711184419606887,0.2733493994229368,0.42046124361900566
2005-06,POR,21.0,-0.3452980306252075,-2.4566672873935307,-1.758496395480634,0.3046116820765312,-0.20621984594799078,-0.35731724827498756,0.0,0.0,0.0
2005-06,SAC,44.0,0.8044211050614123,-0.38451785305613595,3.943047826704518,0.31489869416061134,0.0007764423819081956,0.8254451031892629,0.0030756045340900634,0.10132098011518845,0.1043965846492785
2005-06,SAS,63.0,0.4457577947673373,-2.2754691066427477,1.915645482093837,0.22249868544057944,0.1476912383491823,0.323888457628572,0.011815299067934585,0.07125575487836301,0.0830710539462976
2005-06,SEA,35.0,0.8080671817837028,-2.1157533065562264,4.722664856464823,0.22944955575081316,0.04529222455925176,1.958951811705202,0.011684696210316101,0.2596453301784067,0.2713300263887228
2005-06,TOR,27.0,0.8692246477154619,-1.7579052999008544,4.584389142421381,0.2561636508878834,-0.23435922993350117,1.2797285256922675,0.0,0.15583103568140066,0.15583103568140066
2005-06,UTA,41.0,0.33392183759004734,-3.1132127820891444,1.2563447423001382,0.20098779739776734,0.790153018569698,-0.12977580678350573,0.12067654212349792,0.02829908979722902,0.14897563192072694
2005-06,WAS,42.0,0.8290161948359127,-2.2406557243240157,4.783034502933366,0.21397701134859004,-0.17368873846633057,1.3559261297021974,0.0,0.21078071132175705,0.21078071132175705
2006-07,ATL,30.0,0.6197235376256204,-1.771958823336127,3.018111564078945,0.2468308557089161,0.49750830367804644,0.26577026552341165,0.09078725978002461,0.04934864463024102,0.14013590441026563
2006-07,BOS,24.0,0.4680257316527101,-2.738111901809268,1.7599480859626673,0.22330156836288462,-0.3228635861718567,0.4700651579825288,0.0,0.09327750471967636,0.09327750471967636
2006-07,CHA,33.0,0.6132863667839734,-1.7484720101927627,3.1699656252890502,0.24370671802293392,1.6645601260554257,0.05548805463815554,0.22615667738301162,0.02019497672017771,0.24635165410318932
2006-07,CHI,49.0,0.6409238790803622,-1.7083072372287966,2.469076773378129,0.2594646981056665,0.3922220225878906,0.45098346184239574,0.07329075977277213,0.06535248121277817,0.1386432409855503
2006-07,CLE,50.0,0.45181645483470584,-2.3929949355006537,3.5930705911901804,0.18166368090917207,0.39247399351998885,0.4467020427618129,0.03859272323883325,0.09140756417332226,0.1300002874121555
2006-07,DAL,67.0,0.9204933890781266,-1.9399908266927117,6.034919103332294,0.22350715655671938,0.1801063216571851,1.7455038869978783,0.02164314868312364,0.2407060045803654,0.262349153263489
2006-07,DEN,45.0,1.0562919196812333,-1.5133733034948778,6.008098520101289,0.2602083728541871,1.446680596671031,0.2873701445739308,0.19434262771098165,0.038141739845548,0.23248436755652965
2006-07,DET,53.0,0.7604226271041141,-2.4987385476666706,3.0398499210383125,0.25729543062218124,0.3276022699442535,1.2097939207554904,0.03337549765416023,0.17960871109962828,0.2129842087537885
2006-07,GSW,42.0,0.7787952098762133,-0.46636641735707884,4.74156822052449,0.28449247132789685,0.9476326064091461,0.7320412544375173,0.11423183139930983,0.09346604858886337,0.20769787998817318
2006-07,HOU,52.0,0.9159178663473065,-1.2584379479865562,5.11087597279866,0.27461489304480463,-0.0602605486707758,1.0988760567225997,0.000711178764711661,0.1380315842146223,0.13874276297933397
2006-07,IND,35.0,0.35410150482073466,-1.4441752287244176,1.7100002706190554,0.25464914125476706,0.5939843177415775,-0.15675269821260301,0.05886031751830228,0.002065348849889617,0.0609256663681919
2006-07,LAC,40.0,0.38885139739958274,-1.635953218714534,2.6651780013825177,0.22156745172952313,0.5660968899490072,0.28233576349518125,0.054394671767704586,0.07323087026732142,0.12762554203502602
2006-07,LAL,42.0,0.7661825449562769,-1.8145261002267068,5.590918291178263,0.2081662109243343,-0.36773752238169816,1.3536930949712307,0.0,0.194201874092333,0.194201874092333
2006-07,MEM,22.0,0.472617322284246,-2.3087567559235938,3.0294063190586984,0.1977775201141448,-0.5198693037720011,0.8732668463000706,0.0,0.13208248654957006,0.13208248654957006
2006-07,MIA,44.0,0.4734396757675369,-2.216177102548382,3.809869007656349,0.18354915786706621,0.25385166140025844,1.2062781331054562,0.03141074136333061,0.19537376737267054,0.22678450873600114
2006-07,MIL,28.0,0.5959524318846645,-1.0268092981714667,3.1113378240355063,0.2505956130172935,-0.35969944058615955,1.1267820440769178,0.0,0.1535387455059703,0.1535387455059703
2006-07,MIN,32.0,0.4696127430677184,-2.3510037925953493,4.275859955809437,0.16329425931200198,0.36043752781431904,0.6026908191012278,0.0708535652567776,0.09190136136664498,0.16275492662342259
2006-07,NJN,41.0,0.6515829602825505,-3.6303862188037206,3.8091773290649766,0.19107012291376574,-0.4082495957503692,1.2368881741510478,0.0,0.1893053625059041,0.1893053625059041
2006-07,NOK,39.0,0.6614705754811336,-2.326178238220141,3.2771352462490553,0.2395751854220014,0.5252359419654353,0.6199056944173825,0.09115351168371191,0.09784475663491637,0.1889982683186283
2006-07,NYK,33.0,0.29235972255859555,-1.9649598304546467,0.8006608227629101,0.2805244005014118,-0.47355664413803616,0.3862183183886819,0.0,0.08060079595604962,0.08060079595604962
2006-07,ORL,40.0,-0.006618260253397165,-2.25384891895071,-0.39339849722973486,0.21633149301563315,-0.39620947939721807,-0.34008704111957566,0.0,5.7757523969661356e-05,5.7757523969661356e-05
2006-07,PHI,35.0,0.48449057923454897,-2.295074771713422,1.804762706580565,0.2538028301853347,0.17380953878516153,0.3314891216350449,0.027097610166723407,0.07763061994217614,0.10472823010889955
2006-07,PHX,61.0,1.5322931172646697,-0.724949834987276,10.262335047946543,0.26479616675363066,1.1119927422007605,2.201749802610163,0.16519088390743172,0.23869701260811566,0.40388789651554735
2006-07,POR,32.0,0.25150598518481027,-2.827218714666076,0.47851029427755126,0.21701527771702495,-0.5662496200202052,0.36264433208465213,0.0,0.09020219232925974,0.09020219232925974
2006-07,SAC,33.0,0.6237796410642056,-2.394702281426534,2.682147760048815,0.22567248081829416,0.6595982129662132,0.7593621028685903,0.08992377224283886,0.1313782387351931,0.22130201097803198
2006-07,SAS,58.0,0.6921555785865254,-2.284846012218202,3.627862792266253,0.22102279275907927,0.5816363434132833,0.7290676913474243,0.08378065230155463,0.0981807538749343,0.18196140617648893
2006-07,SEA,31.0,0.9327821867618218,-1.288436336024795,6.9346541939355415,0.24232594998216828,0.19953645736202502,1.9659620250794854,0.03270152934761414,0.24379479569367202,0.2764963250412862
2006-07,TOR,47.0,0.44878499959753837,-1.4196813611309285,2.8434335842218683,0.2535068248667554,-0.21436668334456663,0.7081119596519369,0.0,0.10119352465867915,0.10119352465867915
2006-07,UTA,51.0,0.6857301158105844,-1.7342818372418747,3.013308572866699,0.26884155279224564,-0.33539728071943764,0.5050261537063032,0.0,0.07883668767475946,0.07883668767475946
2006-07,WAS,41.0,1.1180590483088864,-2.3576264707618924,7.251194151417954,0.2265119032329841,0.6128620008833193,1.8384785705069007,0.08515147315584312,0.23715345455255266,0.3223049277083958
2007-08,ATL,37.0,0.7106930696087408,-0.45353574623191506,3.991771681183898,0.2853615355306332,0.1388796600637332,0.7202176671261186,0.011110372805098656,0.10874935101909067,0.11985972382418933
2007-08,BOS,66.0,0.866460513641771,-1.6924955094749834,4.931795969575631,0.25563490864621385,0.6028205125748229,1.083255772388858,0.06964783782596726,0.1500769210676036,0.21972475889357085
2007-08,CHA,32.0,0.779526399973278,-2.4512056556372177,3.482543938304948,0.24273798022684667,0.7840096702427541,0.4424411079631155,0.11472894118445086,0.0860611399809863,0.20079008116543717
2007-08,CHI,33.0,0.058788989071368966,-2.2138799897201404,-0.1291078662801702,0.25233384344509235,-0.7915117262674589,0.4744009219150777,0.0,0.12823841849249343,0.12823841849249343
2007-08,CLE,45.0,0.6473531688258987,-2.5566565941481354,5.36776173825517,0.16452695481301816,0.47922678179502587,0.9059139920421284,0.07109181629602664,0.1503727948859789,0.22146461118200556
2007-08,DAL,51.0,0.8861857081800073,-1.820674280006182,4.696621605634071,0.2534884544401137,-0.13270063611565183,1.4493274637083706,0.0,0.19492363684594058,0.19492363684594058
2007-08,DEN,50.0,1.2214434620153698,-1.262679995141161,7.535230078401517,0.2634807430926375,1.8423532292951212,0.7151662561744223,0.22771876538579788,0.09488097936402377,0.32259974474982167
2007-08,DET,59.0,0.6654298800375102,-1.8464387251653727,2.9991079177479874,0.25124973132688133,0.3198912192390492,1.2353364597399594,0.025591297539123935,0.1840381756085492,0.20962947314767313
2007-08,GSW,48.0,1.1261568953400167,-1.1334878483682211,7.081764275933007,0.25485567149563493,0.9622258414220524,1.4283801594062033,0.12113809998876812,0.1749509069583618,0.2960890069471299
2007-08,HOU,55.0,0.6095298888257632,-2.191681182980035,2.4461223173545923,0.24149315980995767,0.018308552509502356,0.2826758284656574,0.0017044078315896702,0.06933820732416002,0.0710426151557497
2007-08,IND,36.0,0.5690730269817906,-2.4294417936781674,2.315414697242322,0.23203123056060787,0.23308612817126026,0.7462904276591238,0.04739250884075153,0.10467729024708677,0.1520697990878383
2007-08,LAC,23.0,0.3537706889342724,-2.8025456187584963,1.1892621939703885,0.21827097238427973,0.10140096317927068,-0.15034675447588455,0.010102379643802681,0.0218469142792306,0.03194929392303328
2007-08,LAL,57.0,0.7056587559894566,-2.0994543344644785,5.4970064471835745,0.19729065476966,0.26516811362162773,1.39265133575745,0.038357371762401574,0.1895743484126322,0.22793172017503377
2007-08,MEM,22.0,0.4887777950281187,-2.2474035979279856,2.3093541363676047,0.21745918546577236,-0.17115890519378352,0.503186791025393,0.001359405238134312,0.08934091563105018,0.09070032086918449
2007-08,MIA,15.0,0.16731392312301657,-2.507652781748117,0.1526333150005746,0.22845670440722876,-0.4703966233145116,0.06730344065286456,0.0,0.02698729722433285,0.02698729722433285
2007-08,MIL,26.0,0.3920765997310213,-2.3084452613882407,1.1777162192876451,0.2346794712229276,-0.591199660022012,0.42943285398929937,0.0,0.08534685638656728,0.08534685638656728
2007-08,MIN,22.0,0.07233597747890441,-2.4120609174144274,0.4941318868463309,0.17620977984775843,0.05987936463990313,-0.005126951798569018,0.008331803899230161,0.03844507888021333,0.046776882779443495
2007-08,NJN,34.0,0.5557134543830139,-2.5274825295708814,2.3904191005725712,0.21273983821640124,-0.6973070379285355,0.8080055081468827,0.0,0.15264136647539245,0.15264136647539245
2007-08,NOH,56.0,1.4100069439164589,-2.337356561035806,8.671820939192932,0.24182828965653724,1.1891371045692707,2.1201112756152023,0.16874306331292532,0.2650187437615225,0.43376180707444784
2007-08,NYK,23.0,0.29960492037433617,-2.377532371095817,0.7233461656871687,0.24816251451358845,-0.6996555032502161,0.4176481387242043,0.0,0.08263455931930191,0.08263455931930191
2007-08,ORL,52.0,0.9162911237311928,-1.929439068868287,4.707624728069647,0.2551137124860152,0.09670421255915544,0.5615592587590555,0.020981198182006704,0.06776944587132706,0.08875064405333377
2007-08,PHI,40.0,0.3724182662694122,-2.314822651976945,1.6455840273726057,0.2114328796009189,0.5066440721103534,0.14512680461852495,0.06551283627611147,0.05351939708499065,0.11903223336110212
2007-08,PHX,55.0,1.553072953035178,0.15597199015432145,11.328863933503296,0.27053015975482153,1.8195831653901346,2.0166942113279522,0.2484199571298441,0.20322936229292585,0.45164931942277
2007-08,POR,41.0,0.17313394998393614,-1.845090660520235,0.9886989221763224,0.23240646692782646,-0.05882003816738489,0.4225451491503447,0.013832326262586889,0.07410370055686927,0.08793602681945616
2007-08,SAC,38.0,0.7936523316106524,-0.9158362296979359,4.239936051445665,0.2800259772596194,0.5928633793460086,0.778914996309775,0.10828758638643642,0.09912713104230661,0.207414717428743
2007-08,SAS,56.0,0.591090232520925,-2.4987755704661128,2.8168057317647155,0.21684443206677506,-0.07095743062599408,0.6650943690788493,0.0,0.10902326131274037,0.10902326131274037
2007-08,SEA,20.0,-0.12942217467264358,-2.5039149724651795,-1.0870467257692942,0.27439218916300917,-0.43918560625310465,-0.3146942414578264,0.0,0.004021975816653537,0.004021975816653537
2007-08,TOR,41.0,0.7281580440760405,-2.37459250997423,3.330129268042862,0.2427801816387879,0.5165345520127999,1.1359753997427948,0.08397540139169196,0.1556138820880797,0.23958928347977165
2007-08,UTA,54.0,0.9114576119749198,-1.2476010257672103,4.5369499658452215,0.2625297347262228,-0.3046177444799658,0.8809159675717689,0.0,0.11931476129567707,0.11931476129567707
2007-08,WAS,43.0,0.8109679575510931,-1.9058403417718206,5.445128584323829,0.2244821738241614,1.2019342990309565,0.9951054872358787,0.1610383817308303,0.1331837784898527,0.294222160220683
2008-09,ATL,47.0,0.7699461440370395,-1.0914044490018768,3.669198706388639,0.2733484778052609,0.37236239276054284,0.6683383853295486,0.035659040797201974,0.08539922645990886,0.12105826725711083
2008-09,BOS,62.0,0.901611508830583,-2.3071468721612387,3.9913031879116088,0.25654743330202195,0.1811337595910422,1.1088777775832057,0.01846097351681681,0.17547888802058284,0.19393986153739964
2008-09,CHA,35.0,0.4803354244222191,-1.6408364363408463,2.224677572749119,0.25214580245448676,0.7482760204975016,-0.2847792058900736,0.1423872392351569,0.0,0.1423872392351569
2008-09,CHI,41.0,0.2557625687400662,-1.2801699970629747,0.9624605949639665,0.2967543687262147,-0.13898841253819375,0.20893310310595586,0.0,0.04676953917501499,0.04676953917501499
2008-09,CLE,66.0,1.0835510144675524,-1.9746087101684449,7.552089526453375,0.19694981550731228,0.5704452846891422,1.9067721069896635,0.06387345546427615,0.25465018572306936,0.3185236411873455
2008-09,DAL,50.0,1.179241470632942,-1.8435160944794315,7.25873062240922,0.2535812355555355,0.6277857018635808,1.8248754141254562,0.08742963499131652,0.23712264643829767,0.3245522814296142
2008-09,DEN,54.0,0.6986270739036202,-1.9016189459581134,2.966348652965454,0.24889945697716181,-0.321669114119853,0.9279441103104381,0.0,0.15357924245658194,0.15357924245658194
2008-09,DET,39.0,0.3574830848546542,-1.5045651935314217,1.4126367982477888,0.26300917224696724,0.6056907938823084,0.19052421969443184,0.10022005091563951,0.044912173118378654,0.14513222403401815
2008-09,GSW,29.0,0.640203309090923,-0.8291368680881428,2.73281073012548,0.30783785943097575,-0.07961104192895788,0.2895506710194405,0.0,0.048479169788096674,0.048479169788096674
2008-09,HOU,53.0,0.5278088636829029,-1.4520256025661855,2.506162721471194,0.2636968552081127,0.2724130877073765,0.16010741007810758,0.0638874812572614,0.018378466794271634,0.08226594805153303
2008-09,IND,36.0,0.9184815271851295,-2.0675480716870887,6.362235713525629,0.21800821058421793,0.15526727124440373,1.6961462055503844,0.012421381699552298,0.2479432994624528,0.2603646811620051
2008-09,LAC,19.0,0.587583725672009,-1.5960434761549225,2.224593738762459,0.26610220661216494,0.487582846419843,-0.05279269904273245,0.06860018597917278,0.005040234411716993,0.07364042039088978
2008-09,LAL,65.0,1.0561789960116892,-1.3844436366738226,7.188141853725542,0.24829349380975563,0.5914103160228554,1.1801421341249327,0.04731282528182844,0.1416712936500964,0.18898411893192485
2008-09,MEM,24.0,0.06950541850227418,-3.20565868223247,-0.6278107867424214,0.2517440090717013,-0.37736326557359623,-0.02203975638143213,0.0,0.04838879497950034,0.04838879497950034
2008-09,MIA,43.0,0.857190774226828,-2.4179996258236365,6.311963712925681,0.18004892978549286,1.6498323267789115,0.9261419708566779,0.22284747422322254,0.13548077161935862,0.35832824584258116
2008-09,MIL,34.0,0.3260397035934539,-1.9925675257901703,1.0458787155790545,0.25377400771099584,-0.6180598675405473,0.7229753288440192,0.0,0.11631030790953978,0.11631030790953978
2008-09,MIN,24.0,0.42927850678295143,-1.8193733387362503,2.9683846180815663,0.20255840924736201,0.2348718764766068,0.35384319396050096,0.056757420827177975,0.07540819215924453,0.13216561298642251
2008-09,NJN,34.0,0.4901225776095324,-2.216346220720971,2.4237549519456114,0.2155922323206998,-0.153745658028881,0.8051816348500173,0.0,0.11890444356260912,0.11890444356260912
2008-09,NOH,49.0,1.0638792375737451,-2.3348311038783915,7.767059545220193,0.17901186107658862,0.9857481541926603,1.9841173665562915,0.12844933136719153,0.2793253734225569,0.4077747047897484
2008-09,NYK,32.0,0.7365650520705471,-2.0459019714651916,3.077845147832873,0.24823912053559039,0.07373920013048738,0.5247997459449603,0.04767467470597981,0.08146315084182543,0.12913782554780523
2008-09,OKC,23.0,0.2685019527857862,-2.5002594111355743,1.7246849801780415,0.19118794562328678,-0.3964575042316571,0.18990900612685951,0.0,0.058155071795176455,0.058155071795176455
2008-09,ORL,59.0,1.1881170154112903,-2.7265162657670494,6.798773262838692,0.24912851196589053,1.0138117631133785,0.7744122504779425,0.13952952731698234,0.11454473750066249,0.25407426481764483
2008-09,PHI,41.0,0.3317275615300923,-2.487195354414994,0.8700150989997044,0.230449045414439,0.27836805252349756,0.05652966696978308,0.04812498423466556,0.031596548167340165,0.07972153240200572
2008-09,PHX,46.0,0.8447563834700732,-0.30891692082346317,4.173410644846192,0.31281694050902203,-0.5932811498276398,0.7724212310432913,0.0,0.08068646895737645,0.08068646895737645
2008-09,POR,54.0,0.648777857501675,-1.7056252703548633,3.6092268386619524,0.23628796387099227,0.19883713038026363,1.1939611662193632,0.02609272023290253,0.1472661870289279,0.17335890726183045
2008-09,SAC,17.0,0.2396082773933297,-1.769969415242203,0.8991526351802324,0.2458330073672072,-0.5632236812626207,0.6283175474778614,0.0,0.12457664841509192,0.12457664841509192
2008-09,SAS,54.0,0.39988138849690535,-3.3486149022962834,1.4973061236857599,0.18281580226197253,-0.3260303759615585,0.5924465033966632,0.0,0.10154318593872794,0.10154318593872794
2008-09,TOR,33.0,0.7526700853122155,-2.0063726896599747,4.242132587438288,0.22224594991657887,0.25073206835531503,1.1031942924361025,0.049572133833045734,0.14126333875968367,0.1908354725927294
2008-09,UTA,48.0,0.6279658282453663,-1.2696668232059167,3.010019994847684,0.27017715579678625,-0.24882498943808884,0.6877424343946633,0.0,0.08969054095571494,0.08969054095571494
2008-09,WAS,19.0,0.3360946044000056,-2.350151208273587,2.6123925281091407,0.18022878593161348,0.26898604480365446,0.5103295198813976,0.049721939303412926,0.09193200883342048,0.1416539481368334
2009-10,ATL,53.0,1.1414447817159439,-1.5678682636679464,5.6871505622111655,0.2675312850200694,0.7838556706912181,1.1416929560056879,0.0981471235782278,0.1374511391293056,0.2355982627075334
2009-10,BOS,50.0,0.850250252736034,-2.0425820079004913,3.1479924601520453,0.26911122413884137,0.225362547925805,0.9288378063595527,0.018029003834064403,0.15409342071092724,0.17212242454499166
2009-10,CHA,44.0,0.6238458834576707,-2.9881528157270623,2.836577486441858,0.23252122108663248,0.6188862157180062,0.2616805030726792,0.10644508960829278,0.07348267888080479,0.17992776848909758
2009-10,CHI,41.0,0.5035035284113992,-1.224871153548043,1.994648411303918,0.2979277821003272,0.008448510217374179,0.2104474982408835,0.0006758808173899343,0.04961434688787561,0.05029022770526555
2009-10,CLE,61.0,0.9347928007961036,-2.169351507904154,7.256163269792971,0.1763023102620102,0.2224256872219074,2.075814354779839,0.03805241982426055,0.2805124430472353,0.3185648628714959
2009-10,DAL,55.0,1.1190562129382788,-1.6662212507352363,7.112321178017304,0.24773774143797944,0.7547859214033732,1.9669493175443167,0.08797399857805846,0.2695936997373847,0.3575676983154431
2009-10,DEN,53.0,1.0199204326634261,-0.7903493506166875,6.154530785079077,0.2760811197068918,-0.16632280899283042,1.5374164390774874,0.0,0.2247823052495627,0.2247823052495627
2009-10,DET,27.0,-0.0950112317188847,-1.4738895751504446,-0.44809069682548586,0.31915614688413396,0.07419585049745225,-0.029304712038901736,0.00593566803979618,0.030774319166371276,0.03670998720616746
2009-10,GSW,26.0,0.8550855153373431,-0.8350926992836841,4.502894182006396,0.26147844656952585,-0.30093600270042337,0.9507273756126833,0.0,0.10791052432463086,0.10791052432463086
2009-10,HOU,42.0,0.4079823850411244,-2.2113496310911254,1.211658998416277,0.2495204839009454,-0.2936193045717808,0.5386657142557504,0.0,0.08793805442607233,0.08793805442607233
2009-10,IND,32.0,0.5851547196011782,-2.290302333208509,3.935950480284857,0.19178912555153482,0.5321174379551623,1.0578953312382917,0.07807693612253537,0.164836013081267,0.24291294920380235
2009-10,LAC,29.0,0.6122592755855553,-1.8371020964719285,2.2537031266218626,0.25804518116445274,0.811330311280002,-0.14822103383201796,0.11959405272630534,0.0,0.11959405272630534
2009-10,LAL,57.0,1.161529378620426,-1.589047557772202,6.748185235552818,0.2586059494480511,0.4163076517634378,0.8496736347176461,0.040722000687526905,0.11083824792352173,0.15156024861104864
2009-10,MEM,40.0,0.9846365426807168,-2.3464819458557704,4.323989521192158,0.25255125352178953,0.6814226878807045,0.3714637697860537,0.09712173804303313,0.06819897903499521,0.16532071707802834
2009-10,MIA,47.0,0.49856750501396935,-2.058190533159667,4.07679119556796,0.193171273164486,0.47002182735196657,0.663556132955258,0.06430430483917249,0.0908066670800825,0.155110971919255
2009-10,MIL,46.0,0.26487041082580925,-2.3225697656092876,1.0292581518830914,0.22558421071896956,0.5143932368561602,0.05769348184987134,0.062062077696937265,0.044163944234761936,0.1062260219316992
2009-10,MIN,15.0,0.14002912851221858,-2.4774655930395983,0.24047456792126057,0.20143716034414932,0.2451461844345534,-0.28100220360230843,0.07848100951963141,0.0,0.07848100951963141
2009-10,NJN,12.0,0.3727350888696878,-3.362688675960203,1.010953419940066,0.2347397225337669,0.22824117616472933,0.17712657406865948,0.0598287792002163,0.07051991630498025,0.13034869550519657
2009-10,NOH,37.0,0.9200866921386593,-1.253392113034693,6.771385808352674,0.22221446289731484,0.38728353914741515,2.159559743154586,0.048553157890907535,0.2908437226681923,0.33939688055909983
2009-10,NYK,29.0,0.8413038593083975,-2.322001262944929,4.204545278400903,0.24554880677593205,0.07079979019946613,0.9571754678237016,0.012046603248499021,0.13944918858594424,0.15149579183444326
2009-10,OKC,50.0,0.7449502868323552,-2.263272606155295,5.3426721071749155,0.20425991519233044,0.04744963075405414,1.169292948386457,0.0037959704603243312,0.17975794940859435,0.1835539198689187
2009-10,ORL,59.0,0.6096239500873566,-2.12091179610327,3.1666648535371857,0.23851585314829732,0.5030363844919448,0.2379641707274051,0.09269911298926664,0.037326150496651,0.13002526348591764
2009-10,PHI,27.0,0.426898415726986,-1.7678930775725694,1.9868503310446273,0.24663943269532307,0.8537946588754425,0.09959591168127893,0.13062538869366533,0.03141396716075851,0.16203935585442383
2009-10,PHX,54.0,0.8462170703870413,-1.4157937604586774,4.151246180675131,0.26864257993208746,-1.266473570939422,1.5136502713649116,0.0,0.18550850610365033,0.18550850610365033
2009-10,POR,50.0,0.37378837776548535,-2.509425115400556,1.8019631277809336,0.2081422385323854,-0.2616679121068698,0.8993271753959357,0.0,0.13077293034507453,0.13077293034507453
2009-10,SAC,25.0,0.10657820431901749,-2.6539442027601803,-0.09107546924050518,0.22365830315387758,-0.2917074460438645,-0.003130925614608086,0.0,0.03717533888200049,0.03717533888200049
2009-10,SAS,50.0,0.509101869919083,-2.6553065160838454,2.397285602511735,0.20644955363373546,-0.09505447417517848,0.8449965112567598,0.0,0.1393096156315987,0.1393096156315987
2009-10,TOR,40.0,0.6298256403221825,-1.7628001902365884,3.649039562980166,0.22780487882240685,-0.33754110347750277,0.9185258392970551,0.0,0.11700186149069636,0.11700186149069636
2009-10,UTA,53.0,0.9705642136155486,-0.9844839831638977,4.964795239375399,0.2764853564391964,-0.13666867219091758,0.880312082449874,0.0,0.12738573600675457,0.12738573600675457
2009-10,WAS,26.0,0.5570249106224858,-1.8155646505936804,2.3497343117852454,0.2610979728509212,0.3400279589311414,0.12003332514317888,0.06837590918142487,0.03115984934453709,0.09953575852596197
2010-11,ATL,44.0,0.7105317951036442,-2.290023308928233,3.8471572529631897,0.21817372080225822,0.34584633084181654,0.7100464050731926,0.06715253346926607,0.10359847635303122,0.1707510098222973
2010-11,BOS,56.0,0.984806313457728,-2.6070044816525066,4.293350801271246,0.25165891952073244,0.5859980569718265,1.0516001634206567,0.07736763375932525,0.16202962757900025,0.2393972613383255
2010-11,CHA,34.0,0.34998682841888695,-2.466116849626246,0.783656016452524,0.2616283985121037,-0.3685291918581321,0.26953585276492675,0.0,0.0672100712229001,0.0672100712229001
2010-11,CHI,62.0,1.0190649708783084,-2.1695304374798305,4.977516185228709,0.2586592584818813,-0.4405814969838541,0.9928225994682508,0.0,0.14844557989524937,0.14844557989524937
2010-11,CLE,19.0,0.0015700525294960743,-2.096678956269434,-0.17845272801705786,0.21683920028427667,-0.6141178031991728,0.36655282021367763,0.0,0.08466892777717355,0.08466892777717355
2010-11,DAL,57.0,0.791473467543109,-1.989529107877221,4.221419444326545,0.2235751726183361,-0.09310526908062347,1.357762913154808,0.004939207472888975,0.19355200747462048,0.19849121494750946
2010-11,DEN,50.0,0.8335814327992802,-1.066542745965827,4.039845226868308,0.27843541421474843,-0.4556435959453206,1.0978396108333448,0.0,0.13181090340274987,0.13181090340274987
2010-11,DET,30.0,-0.14084894763073946,-1.8182398039853132,-0.8321955107942586,0.313443468148513,-0.28340706948291583,0.015667411885990752,0.0,0.012610527132725178,0.012610527132725178
2010-11,GSW,36.0,1.3450211373151744,-2.469363940458206,6.96542260881813,0.2796681747889681,0.3459967843669109,1.7403117650332767,0.045654208843971096,0.24147920522689387,0.28713341407086496
2010-11,HOU,43.0,0.6424748535041604,-1.4033181411980529,2.924770846877526,0.26800114095138017,-0.26773802106596295,0.8204649456456383,0.0,0.1082472637079559,0.1082472637079559
2010-11,IND,37.0,0.25165310530916574,-1.8814934804848344,1.1496449373465587,0.2491171943938565,-0.24591907989198525,0.43721896209647204,0.0,0.07708672810390776,0.07708672810390776
2010-11,LAC,32.0,0.30277381735780345,-3.1333359884758964,2.209016389239091,0.16332247249342807,-0.2552483972820867,0.241584672829666,0.0,0.07005415006791432,0.07005415006791432
2010-11,LAL,57.0,0.9515445711404622,-2.7135512332434555,6.281113717272306,0.20835422604785142,0.4271932371504002,1.2790364556313178,0.058253275043354216,0.16885664788349605,0.22710992292685028
2010-11,MEM,46.0,1.0317324498703726,-2.1491422802423514,5.215637373792304,0.2580609727968726,0.9669511292402742,0.4635647883197903,0.1170547981744251,0.08293618760078221,0.1999909857752073
2010-11,MIA,58.0,1.1400581583984275,-2.9419136332568434,8.623678734889173,0.19884056911204767,0.10104649445844707,1.6905633588284907,0.013074843920149192,0.23030274318862254,0.24337758710877172
2010-11,MIL,35.0,0.3612410604997467,-2.0018987278182574,1.1501859559045648,0.2532380508241163,1.0822048042318797,-0.23456384959481671,0.13584205639941108,0.0012624579092593222,0.1371045143086704
2010-11,MIN,17.0,0.43087791975162976,-2.4925873820998983,3.8545007658424533,0.1681031008320948,-0.37149728869053944,0.45059708856360114,0.0,0.09092872231502827,0.09092872231502827
2010-11,NJN,24.0,0.23266159660110464,-1.3760952637177764,0.8413329396253064,0.27928625523893746,-0.224864940601488,0.0865580891483692,0.012381482022699244,0.006059066240385844,0.01844054826308509
2010-11,NOH,46.0,0.7884678714520497,-2.5358508036281027,5.201378066524377,0.22150055183881406,1.567081548244315,0.8837086462639356,0.2414808175575348,0.1128856348031112,0.354366452360646
2010-11,NYK,42.0,1.2116018960965145,-0.7102838457352032,7.013452925121856,0.28844663978042606,0.47174731799439884,1.2710757760236182,0.049366377261577304,0.147443969357874,0.1968103466194513
2010-11,OKC,55.0,1.153224949817002,-1.4319456893982383,7.478463442088465,0.2382268107536557,0.423957361900399,1.4830003485528833,0.03391658895203192,0.189350830833437,0.22326741978546893
2010-11,ORL,52.0,0.6942091305685599,-0.9805277855996446,5.370682012645401,0.23709907132850733,1.057400193902866,0.08000378000613677,0.15184940999820762,0.005600264600429574,0.15744967459863718
2010-11,PHI,41.0,0.6415443901428569,-1.541582598718728,2.9722230878886746,0.2585939418810721,1.1524620905115417,0.28541230517928096,0.17335473319796463,0.0275346860565086,0.20088941925447323
2010-11,PHX,40.0,0.609353379160282,-1.3896744796796412,2.8022926422240375,0.25710622944112843,-0.691712543533843,1.0758949537529805,0.0,0.13742336914531642,0.13742336914531642
2010-11,POR,48.0,0.6452275816584266,-1.4935221846181759,3.674684325368536,0.2641614991527341,0.5363861197208036,0.7857347861697768,0.04291088957766429,0.13680999609371813,0.17972088567138242
2010-11,SAC,24.0,-0.028087049931905084,-2.226985540804624,-0.46022755959205813,0.2294921280224232,-0.22003608946440337,-0.4190884441819923,0.0,0.0,0.0
2010-11,SAS,61.0,0.624115944172348,-1.5311061758020914,2.8990578021097115,0.2665972312891454,0.25752021195800945,0.8619880108519277,0.0452582835891574,0.11390929926507998,0.15916758285423738
2010-11,TOR,22.0,0.3356773126953416,-2.0707254317920594,0.9451293403249097,0.2665091771341751,-0.20141130155897588,0.4931837847469783,0.0,0.08910851726237128,0.08910851726237128
2010-11,UTA,39.0,1.2301668869795692,-2.0871934538346384,7.051552114181631,0.2413086992360748,0.9032449140764178,1.2145543287828893,0.12012066259786194,0.158418603479116,0.27853926607697793
2010-11,WAS,23.0,0.35732337055277513,-2.204624375557849,1.0208579358975345,0.2472799007251093,0.55534345574031,-0.38887627560736465,0.08481457848969692,0.0,0.08481457848969692
2011-12,ATL,40.0,0.8096888078790709,-1.7969855170671272,4.65781935925145,0.23281643282587366,0.8279355886554423,0.8362550412287861,0.10698290420127096,0.12856415749705624,0.2355470616983272
2011-12,BOS,39.0,0.9299723528788194,-1.627580422234456,4.465280936554532,0.25086025691488195,-0.23866864996220005,1.1061657585024074,0.0,0.14490393319203534,0.14490393319203534
2011-12,CHA,7.0,-0.343614460012873,-2.5437835844414334,-1.8140477303295548,0.30637362465334145,-0.6951579770641377,-0.0311356959220293,0.0,0.03777987790951216,0.03777987790951216
2011-12,CHI,50.0,0.9333472073794125,-2.0388193059171007,4.386510974473547,0.27173030397826,-0.22533573338499382,0.9731175247445714,0.0,0.13904281591078765,0.13904281591078765
2011-12,CLE,21.0,0.22303410534487308,-2.477347675441598,0.5155779482390519,0.22338592837516352,-0.6481793306166428,0.48636459861116343,0.0,0.10153422951380332,0.10153422951380332
2011-12,DAL,36.0,0.533914065403161,-1.7206326908996483,3.0147321827782307,0.24018827529793102,-0.18650937730181227,1.03010259923003,0.0,0.14559632039158732,0.14559632039158732
2011-12,DEN,38.0,0.5484348445508526,-0.9315237817100268,2.798561336835549,0.2870811249113914,-0.20898047792137628,1.010428734888785,0.0,0.12844710387335778,0.12844710387335778
2011-12,DET,25.0,0.0048347586370316165,-2.0507731837115353,-0.2202288542637757,0.2220141705665683,-0.558914396460673,-0.0031744474591855203,0.0,0.0191732089273034,0.0191732089273034
2011-12,GSW,23.0,0.670698815489974,-1.1312493794845826,3.5538253385778513,0.24691235328443983,-0.38361583729759796,0.8653449379004201,0.0,0.09191285127622867,0.09191285127622867
2011-12,HOU,34.0,0.18664008428515833,-1.2900998273438886,0.7994270032554365,0.2664410774189361,-0.408356747054701,0.4220906429116116,0.0,0.08451034320719111,0.08451034320719111
2011-12,IND,42.0,0.677545049707982,-1.3908780510684973,3.0899138410711267,0.2912708666495666,0.682801892396645,0.48227217078903634,0.10789984459729574,0.06192607317610166,0.1698259177733974
2011-12,LAC,40.0,1.0820800812881475,-1.6266959617384764,7.489347814019036,0.20852880588800798,1.1708413142715954,1.6417617883908957,0.14974168774005142,0.2034492096501706,0.353190897390222
2011-12,LAL,41.0,1.1179129884444898,-2.662802348121577,6.6673734316278175,0.2269528702653245,-0.3499719365736789,0.9319388625187125,0.0,0.1443240605795115,0.1443240605795115
2011-12,MEM,41.0,0.8014327138688344,-1.8429519417880538,3.8491395925776892,0.2453181022252255,1.169792828576203,0.447480447024852,0.1288709959117647,0.09087092635410941,0.21974192226587413
2011-12,MIA,46.0,1.4023038626857331,-2.3968714662252575,9.385504946127046,0.21725794716665947,0.8172162547296522,1.7565157860944935,0.08510396552126193,0.25339987695305344,0.33850384247431536
2011-12,MIL,31.0,0.5870198593525262,-2.3176385668509614,2.4450220224330153,0.22776512691728734,0.0015394370747979522,0.8797310961226457,0.007497912396997602,0.12527919612398022,0.13277710852097782
2011-12,MIN,26.0,0.9519159141552762,-2.4759213105839013,6.267975935927161,0.2062402430161953,-0.12567696625415764,1.19745435030607,0.0,0.1752886520990818,0.1752886520990818
2011-12,NJN,22.0,0.33267221154153676,-3.8832751148862945,0.9110678904333996,0.19435097290506126,-0.8709549715423806,0.5947378747508079,0.0,0.1330836290730434,0.1330836290730434
2011-12,NOH,21.0,0.14467824853737984,-1.7891960670108318,0.3632975615024319,0.2603335576589105,-0.31925216111738425,0.17724309379963138,0.0,0.04727691745832498,0.04727691745832498
2011-12,NYK,36.0,0.8522444173851493,-1.367756649689519,4.17204216276511,0.2796339403854708,0.4134902502180595,0.561124027861753,0.05663652424933341,0.06203580828926477,0.11867233253859819
2011-12,OKC,47.0,1.491445683093912,-2.815209016622074,8.56156360285849,0.24128539358330975,0.18043517021522273,1.7981689714341769,0.0345421714009083,0.25250909758432993,0.28705126898523825
2011-12,ORL,37.0,0.8914830175001772,-1.3679928478538188,6.860145240815687,0.22105236720179805,0.95809453028401,0.720623630531003,0.14324775947807786,0.10168223692136726,0.24492999639944513
2011-12,PHI,35.0,0.552362361628654,-0.9178740618320584,2.5350582242183726,0.2904270003471166,1.125751347652326,0.3850687049282024,0.15291734490030984,0.043996910658966444,0.19691425555927627
2011-12,PHX,33.0,0.5782730144272937,-1.7500283587564447,2.483801736965645,0.26802448795154565,-0.04245854446358906,0.6383797863957359,0.0,0.09407250154739386,0.09407250154739386
2011-12,POR,28.0,0.8283413194052515,-0.9445193017689846,4.714002209699154,0.27788039183104135,0.7177841600677659,0.9184285691633655,0.10665736685074784,0.12291218520728595,0.22956955205803378
2011-12,SAC,22.0,0.6952896056440252,-2.0959250483579797,3.1748206038947866,0.24001337193496336,0.33118257312994925,0.48720908492042275,0.04929445264346684,0.08519694807546792,0.13449140071893476
2011-12,SAS,50.0,0.3756493597966911,-1.8959865102975495,1.6863321443145853,0.25495233425616937,0.39074401131881814,0.3775015855758017,0.07510131464985612,0.0458791921778054,0.12098050682766151
2011-12,TOR,23.0,0.19804922495473515,-1.5506936648949967,0.797258289620301,0.2644194878488508,-0.8558214570205354,0.6026426560088287,0.0,0.10772413779687148,0.10772413779687148
2011-12,UTA,36.0,0.8737572360870173,-2.6047740538948645,6.181945414676429,0.2054880918195477,1.8447776539008431,0.9345395650108733,0.23915031317360552,0.16013213542632848,0.399282448599934
2011-12,WAS,20.0,0.232805819339968,-2.0844625646078097,0.5837076387140337,0.2452464261345772,0.31723283595670476,-0.19787567548411486,0.0499879657912303,0.0049019542345711455,0.054889920025801446
2012-13,ATL,44.0,0.8975979977887485,-2.6642928642373116,3.5616333076435787,0.2537099281430936,0.5770929342780484,0.4856361534530078,0.08829823355751212,0.087750639227994,0.17604887278550613
2012-13,BKN,49.0,0.5757925788804951,-2.2985623860650644,2.767615584286096,0.2266571577860979,-0.4267635108294804,1.0831581073572385,0.0,0.18749298104359985,0.18749298104359985
2012-13,BOS,41.0,0.3684723068908093,-1.5909372086752385,1.8595940490158822,0.24440179303519616,-0.21988351195487804,0.5786991073671662,0.0,0.08233067980004787,0.08233067980004787
2012-13,CHA,21.0,0.12401681608659706,-2.6633825736699572,0.44144105335348516,0.2095309752513207,0.11670354650372074,0.37129371468051287,0.027140268829459538,0.08178586151145806,0.1089261303409176
2012-13,CHI,45.0,0.6423343930135919,-1.7494639845559967,2.775191878042779,0.26999610008780134,0.4553584360092222,0.009962549055014812,0.06126400047142161,0.010153134324923492,0.0714171347963451
2012-13,CLE,24.0,0.17526891391508692,-1.6664360808073235,1.217189124182394,0.22821368667947245,-0.4352569909171228,0.4475986760142279,0.0,0.0737954661415749,0.0737954661415749
2012-13,DAL,41.0,0.7207058212807176,-0.9029863817063914,3.5991509115576514,0.2886974362404561,0.17700019192908412,1.0058746299942474,0.02914255905012008,0.129272204263209,0.1584147633133291
2012-13,DEN,57.0,0.5560494838494332,-0.7555226562430488,2.4165567698222303,0.32125139860246554,0.24113474334886353,0.3818746280399127,0.019290779467909084,0.054897828826242875,0.07418860829415196
2012-13,DET,29.0,-0.12477574596312811,-2.1644625181115478,-0.7404435892878266,0.2574137539941133,-0.01937367862085799,-0.5131142870440721,0.01200085514824141,0.0,0.01200085514824141
2012-13,GSW,47.0,1.0975082470989148,-2.6287677934682048,6.683750748893449,0.21740282205380063,-1.0595241147074783,2.153867091451428,0.0,0.2918767614268337,0.2918767614268337
2012-13,HOU,45.0,0.7413302407504685,-0.9510651946950347,5.31546964391323,0.24018341130394677,-0.5904508346705655,1.3920436128537643,0.0,0.19240624845359183,0.19240624845359183
2012-13,IND,49.0,0.8306860361718881,-3.031432800745212,3.097991612883924,0.2546529958408344,0.666193546446654,0.35186063479111507,0.09810893458866024,0.08813660250746039,0.18624553709612063
2012-13,LAC,56.0,0.9151993823769196,-1.9735129982203485,6.194498947745473,0.21649302580627128,0.8263135487482027,1.6923922935654667,0.08995911349407484,0.2404452494353016,0.33040436292937647
2012-13,LAL,45.0,1.0638820438752756,-1.1212516217954702,6.753882190045679,0.25129134967715366,-0.6787326239422896,0.9436442308859609,0.0,0.11755581661397022,0.11755581661397022
2012-13,MEM,56.0,0.8534835418304016,-2.109387799591954,3.5380170584730153,0.266601445714237,0.8443564020866318,0.325715330063967,0.10129167268380576,0.06258233039510784,0.1638740030789136
2012-13,MIA,66.0,1.4343026757385602,-2.2434191851402057,10.10748214658867,0.1974949005200492,0.9034380262881487,2.1659547304877034,0.11070725758037941,0.26988720486190276,0.3805944624422822
2012-13,MIL,38.0,0.8687111626125875,-2.4561885230769276,3.437034277724992,0.26313085802573194,0.920458769220219,0.5315507657057056,0.12148841226440571,0.09097456012894091,0.2124629723933466
2012-13,MIN,31.0,0.12916729838300978,-2.13069669264592,0.22169003066840556,0.23890150887429734,0.2696301641434962,0.002262506158083635,0.05719908248196691,0.025779583612997467,0.08297866609496438
2012-13,NOH,27.0,0.5450563932519037,-2.7784082568318125,1.607894687752483,0.23926647476147073,0.22977326141549212,0.4339316538306538,0.03632292245925464,0.09209987474230234,0.12842279720155697
2012-13,NYK,54.0,1.0666817954408552,-1.7828528888086301,6.240256790698153,0.24539323970513233,-0.4325614914905414,1.6128753135654477,0.0,0.1988193787896148,0.1988193787896148
2012-13,OKC,60.0,1.509557508730473,-1.895252819607989,10.311594416480268,0.21908900965320777,0.5165692613787528,2.1865128667794744,0.04139459678490325,0.28394749160284216,0.3253420883877454
2012-13,ORL,20.0,0.5160392981017609,-2.275080551143609,1.6076466274867358,0.2592731813679878,-0.8531426971927609,0.6567153963908019,0.0,0.11023592614771338,0.11023592614771338
2012-13,PHI,34.0,0.40445613902833455,-1.7748008825623751,1.37343322731677,0.25280692960104806,0.2608952005115552,-0.05162241484306465,0.03400454821733685,0.0015942381531197122,0.03559878637045656
2012-13,PHX,25.0,0.11583613997531968,-2.4552407468530104,-0.0779200314734199,0.24522103722053207,0.10291833294195787,-0.021486364718112237,0.013998167930659531,0.04029577937418542,0.05429394730484495
2012-13,POR,33.0,0.9940987422755716,-2.1152046878194297,5.1939917393399275,0.22838971140368858,0.04338950803439953,1.1837887137086758,0.023277091528536693,0.17485325702401847,0.19813034855255515
2012-13,SAC,28.0,0.31405456870744713,-2.086148457890245,0.9038696004912554,0.24341489827101165,-0.1954142919742536,0.29950238752596886,0.0,0.06163249915727895,0.06163249915727895
2012-13,SAS,58.0,1.0368437007461873,-1.3547366743766691,5.913684121102947,0.25328925242449474,1.0372204931747169,1.1528492747669823,0.1402896205660144,0.14372313615195703,0.28401275671797144
2012-13,TOR,34.0,0.4174443308666485,-2.5230260664755058,1.0778179363139735,0.271326269731889,-0.22468492362888776,0.6971546573028674,0.0,0.1123350273213776,0.1123350273213776
2012-13,UTA,43.0,0.5852910719024432,-1.3513917761586884,2.917702932430092,0.2514631073317836,0.5617909836666423,0.46548141804237114,0.05287338565233339,0.076464950277619,0.1293383359299524
2012-13,WAS,29.0,0.17400808140989218,-1.4679562523086611,0.7074358292492287,0.24773666377399817,-0.47080597559780596,0.2951035713987146,0.0,0.07025696007235244,0.07025696007235244
2013-14,ATL,38.0,0.676461764431858,-1.9957922612064527,2.926373130939975,0.2668285300075749,0.5830456356009281,0.7191534195374034,0.11412054022714374,0.0887411925170841,0.20286173274422784
2013-14,BKN,44.0,0.11255660322498288,-2.116660820296852,0.11603081637587294,0.24748198593937965,-0.3020899714163306,0.5237557058918527,0.0,0.07932306335381019,0.07932306335381019
2013-14,BOS,25.0,-0.0484076727214576,-2.1218970891300537,-0.6592050976044306,0.2859774057020188,-0.2866979094339615,-0.013894203521758401,0.0,0.03318954415263141,0.03318954415263141
2013-14,CHA,43.0,0.5995840958195597,-2.527493950854612,3.2033203505685717,0.21997309367259993,0.5006620756519823,0.5960647303679036,0.0811120356875048,0.10985274455586608,0.19096478024337088
2013-14,CHI,48.0,0.5118535326384569,-0.7809757050475088,2.833041389771962,0.28583973679801866,0.8864874248211114,0.23540238539692268,0.12297087311289678,0.056812036713235814,0.1797829098261326
2013-14,CLE,33.0,0.33909312439313044,-2.042380822358319,1.6177031486673599,0.21922113575949448,0.17840720359148454,0.32162580211888164,0.06266109992802457,0.050687628385613845,0.11334872831363842
2013-14,DAL,49.0,0.7689268926474991,-1.709818282977349,4.305738603232184,0.23169946089081028,0.13457074818024262,1.5397270119812756,0.010765659854419409,0.202781419090653,0.2135470789450724
2013-14,DEN,36.0,0.34713142256290647,-1.8890717971118343,1.1349066265372496,0.2534765953888834,-0.20631235546584203,0.4253694043172847,0.0,0.10114299288897868,0.10114299288897868
2013-14,DET,29.0,0.5754758519459667,-2.1296083530889875,2.3878877926244053,0.2546802256286164,1.3132998411554206,-0.5840191073635581,0.17711502550119662,0.0,0.17711502550119662
2013-14,GSW,51.0,0.9863695156894576,-1.4796686689777578,6.541549974596825,0.23570099453471932,-0.7839449034303994,2.1125851576850194,0.0,0.30980415415727636,0.30980415415727636
2013-14,HOU,54.0,1.0553738280650702,-1.282017475070609,5.903751622420758,0.24564923775808806,0.13632524281284494,0.865278474062651,0.016189604242803267,0.10783255686157434,0.12402216110437761
2013-14,IND,56.0,0.5829301753615925,-2.3630268950787823,3.0913562896585396,0.2149457300339424,-0.056265587454749154,0.7793937081605633,0.0,0.1458652103302696,0.1458652103302696
2013-14,LAC,57.0,1.5794310793205397,-1.5422952283123297,10.43315471609281,0.2443312935557999,1.5650234012191646,1.9084898632069887,0.20946458657686132,0.23462230188706434,0.44408688846392563
2013-14,LAL,27.0,0.3711808362168309,-1.298865643849259,1.9322570731220106,0.27365282087140164,0.24979643292668863,0.5160742769540854,0.03997697103235215,0.0790357980088183,0.11901276904117045
2013-14,MEM,50.0,0.5371220989875624,-2.9507656388978933,1.4533044743655514,0.2501711703517482,0.163383085886213,0.47092154012008947,0.02958200148093936,0.09562390229257405,0.1252059037735134
2013-14,MIA,54.0,0.9625534182261692,-2.461701738513507,5.954377044235666,0.20826436066003606,-0.17012632242046166,1.494752399552202,0.0,0.193014363530027,0.193014363530027
2013-14,MIL,15.0,-0.0640718018632788,-2.215883025355656,-0.6756103720638704,0.2713526430226667,-0.20564103393025504,0.0023286009132765908,0.0,0.03507719568512857,0.03507719568512857
2013-14,MIN,40.0,1.125753574018267,-1.8683673148339803,7.319193852569234,0.20978805203299522,-0.3055239948616206,1.6832749356783383,0.0,0.2261800190258091,0.2261800190258091
2013-14,NOP,34.0,0.46438907697686627,-2.4503924452362797,4.307537156936954,0.16324918962665885,2.1741045888800983,0.27991866561010065,0.31294543813991965,0.040791733485628937,0.3537371716255486
2013-14,NYK,37.0,0.6354285115571751,-1.9401289025784192,4.884153230123551,0.20518707625389532,0.2993926341532906,1.1513922518894546,0.050870935754735044,0.15184342140351503,0.2027143571582501
2013-14,OKC,59.0,1.5600505238902114,-2.3523240044773823,9.901600584245285,0.22443844494893872,-0.027812705581560748,2.318997344108347,0.0,0.29632045685597164,0.29632045685597164
2013-14,ORL,23.0,0.38268020625316307,-1.9485294301086977,1.2030506639037806,0.2620888578983682,-0.5621700679837921,0.38821866440960784,0.0,0.08154634652739554,0.08154634652739554
2013-14,PHI,19.0,0.550429827908847,-2.319023557399782,1.682908124495623,0.2636980916514123,0.2952477829947225,-0.1259236069398283,0.055567083188094904,0.01813452024929942,0.07370160343739432
2013-14,PHX,48.0,0.3877527237660589,-1.190707588727932,2.0535034107135806,0.275704069616985,-0.2528888154281406,0.8988262744414023,0.0,0.14103747831440971,0.14103747831440971
2013-14,POR,54.0,1.2238427490220134,-1.225325715525336,7.532767120486904,0.2375602565087272,0.3397029125041959,1.4547401249514313,0.0735099375470637,0.15574925393091066,0.22925919147797436
2013-14,SAC,28.0,0.5689538202809614,-2.6520727317902604,3.414943569829545,0.19846617372940856,-0.16837152136401753,0.2510926672700748,0.0,0.06514414172987655,0.06514414172987655
2013-14,SAS,62.0,0.5809875916444271,-0.9591279505542304,2.905816423128921,0.29022335659297543,0.600478566521416,0.6327249347255945,0.08572868585884594,0.06581751912022951,0.15154620497907545
2013-14,TOR,48.0,0.5511000833024178,-2.41196923505664,2.926039833511232,0.2047865725912768,-0.12573599797702364,0.9045755923366309,0.011586383498451607,0.11723865806433434,0.12882504156278596
2013-14,UTA,25.0,0.19275484401568832,-1.4879333494138378,0.7266754135251688,0.2796208901786966,0.16223432448715983,0.07837986713078718,0.05510231232071941,0.027103810294122864,0.08220612261484228
2013-14,WAS,44.0,0.8794921594725033,-1.3296358242389477,4.055179208435151,0.2770012511318262,0.25579121716671954,0.8554212198893439,0.02571837992468418,0.12466925794472566,0.15038763786940984
2014-15,ATL,60.0,1.0554959933997525,-1.5122574289351756,5.170854819665128,0.25518831457851243,0.9489024529633596,1.0977335539078346,0.12810677378328975,0.13897119127266178,0.2670779650559515
2014-15,BKN,38.0,0.26168836089470987,-2.1115610146912576,0.6978752421338585,0.2467473483473026,-0.3041081182273328,0.37539083742312596,0.0,0.07652779916306796,0.07652779916306796
2014-15,BOS,40.0,-0.042573378497531594,-1.4072605232978823,-0.19150755748536819,0.306315804952225,-0.0021922086765356866,0.10455104888987142,0.004615493536741962,0.04332394768142132,0.04793944121816328
2014-15,CHA,33.0,0.4094569442981777,-2.098260929580748,2.072178675523083,0.22389308664855656,0.6730948981768785,0.48301647332672876,0.084030234631945,0.0976999491047651,0.1817301837367101
2014-15,CHI,50.0,0.8847327632456906,-1.129690874671822,5.952883992440498,0.25236135092052453,1.365101384841937,0.6428945779054512,0.19336842997194986,0.07532549906425695,0.2686939290362068
2014-15,CLE,53.0,1.3918119660107284,-1.4012267571543773,8.926093650527413,0.2517348495772938,-0.40387553424902345,2.3025456080146114,0.0,0.2991796364115923,0.2991796364115923
2014-15,DAL,50.0,0.7907891688571452,-1.95900873905214,3.1851054581534886,0.28281027695591254,0.403619844765047,0.7856146724179655,0.048136464249342974,0.1101373894420938,0.15827385369143676
2014-15,DEN,30.0,0.3198983205336893,-1.7228404343618182,1.073510905665619,0.2609406005766404,-0.22340265272453994,0.42105391098355344,0.0,0.07933388949003156,0.07933388949003156
2014-15,DET,32.0,0.23206175994735145,-2.2698163365743778,0.6964981125235505,0.21702162909637057,0.8750646381011271,-0.44498546823757934,0.15253148262709304,0.0,0.15253148262709304
2014-15,GSW,67.0,1.346005959518128,-1.6823525351512563,9.432901269466097,0.22203308394328253,0.5652096094424519,2.944495299175853,0.053945724097334315,0.391637632284227,0.4455833563815613
2014-15,HOU,56.0,0.7944194498993317,-1.627994231444706,6.0024807865757,0.21174032897857986,0.08181538082096913,1.5253367838348513,0.010277809358535756,0.21442030422577596,0.22469811358431171
2014-15,IND,38.0,-0.12602460378993752,-1.7250934167129313,-0.734784569714815,0.32360031786383403,-0.0588631418876142,-0.13446452034818318,0.014042127030941605,0.004832106064656356,0.01887423309559796
2014-15,LAC,56.0,1.6172987809410642,-1.175608866912173,11.243971517546264,0.23386834253132976,1.2116518368791676,2.402521913371148,0.16182625433273498,0.28133228305410163,0.44315853738683664
2014-15,LAL,21.0,-0.20181929899753154,-1.2375911079382718,-0.7408903938994778,0.3593596533553751,0.2663524994038613,-0.3318061695178768,0.06039073171797746,0.0,0.06039073171797746
2014-15,MEM,55.0,0.7100492833768168,-1.4819465592273775,3.198920810679464,0.27292148618658785,0.05611333837990745,0.575204098474869,0.0044890670703925965,0.07889453324757312,0.08338360031796571
2014-15,MIA,37.0,0.6516611195559806,-1.9801951680784877,2.657255081358996,0.2628574863931245,0.16351257424854643,0.34574872544132157,0.01839436537067378,0.06802755248961327,0.08642191786028705
2014-15,MIL,41.0,0.29596303123096257,-1.9266502784436716,0.9670110501233095,0.2469704931562095,-0.04319269086968553,0.2708658684035784,0.016524624577646523,0.044773260121626204,0.06129788469927273
2014-15,MIN,16.0,0.3718953747822544,-1.887118909317212,1.2214640577090607,0.2683397049438791,0.3296644355475903,0.17594394095366994,0.09948938087077706,0.031831851075836255,0.13132123194661333
2014-15,NOP,45.0,1.3208610557926956,-1.4677004445016593,9.418301582897595,0.2071999984507641,2.2918712659241938,1.641337837165828,0.3104933743743914,0.2181072250451927,0.5286005994195841
2014-15,NYK,17.0,0.16333872467514024,-2.24365869829743,1.6040255588836596,0.18238521706697414,-0.6262001130355431,0.9650939710921932,0.0,0.14398653243368736,0.14398653243368736
2014-15,OKC,45.0,0.9025620656600235,-2.3114806161137653,6.221850244119983,0.19800077780829572,-0.10745941326560085,1.430522119905047,0.0,0.22196302486690822,0.22196302486690822
2014-15,ORL,25.0,0.6004171271580997,-2.2149637121458676,2.549403384411778,0.22238439800959264,0.019536468128300965,0.3056576097052524,0.028553756687221144,0.045784525674005996,0.07433828236122714
2014-15,PHI,18.0,-0.14231487392414022,-2.797098861057431,-0.9789907698810946,0.22530075843930975,0.5829491956372087,-0.8093891691433731,0.06717562560669633,0.0,0.06717562560669633
2014-15,PHX,39.0,0.3761939849590323,-1.464335657938278,1.3806776916586572,0.28963937828145087,-0.2322873855074787,0.2651478005294055,0.0,0.05229273882479697,0.05229273882479697
2014-15,POR,51.0,1.1699321010716517,-1.9706271265382393,6.768346228443501,0.23290897914779723,-0.060479151884462026,1.8129243150591376,0.003451465778081221,0.2483177563916314,0.2517692221697126
2014-15,SAC,29.0,0.909843885967959,-2.6893237340570693,5.36461692226757,0.22675206829476813,-0.12207594376385372,0.47734544202392915,0.0,0.09973600893000313,0.09973600893000313
2014-15,SAS,55.0,0.8697341403338472,-1.8719168905341301,5.113138539074585,0.23857912799479136,1.997098842643861,0.8655888624599325,0.29668269052598895,0.1187478070643242,0.41543049759031314
2014-15,TOR,49.0,0.6231638364151341,-1.293855397703899,3.0075341343344695,0.2736835012675432,-0.1473901850404012,0.9113692424744018,0.0,0.10762478977214222,0.10762478977214222
2014-15,UTA,38.0,0.600151711176253,-3.568892194570466,1.8320114556851488,0.24190331698903428,0.6830093314058369,0.29385070437113825,0.10720785804806321,0.0902187871729757,0.19742664522103892
2014-15,WAS,46.0,0.5187592514665417,-2.3791630014261984,2.073014500362983,0.23753067404130285,-0.15085391167537288,0.5537552563950245,0.0,0.10115488834488981,0.10115488834488981
2015-16,ATL,48.0,0.847050813844633,-1.6187829583760118,4.957273257129599,0.25385714345339777,1.5611764998697812,0.64285819690952,0.21988613042919417,0.08590235683209758,0.30578848726129176
2015-16,BKN,21.0,0.09688937792746483,-2.343779633408928,0.7106602677749211,0.18196373748087666,0.19532158620380627,-0.11540347905954525,0.07128876912274786,0.0,0.07128876912274786
2015-16,BOS,48.0,0.5551772025276588,-0.9686250784964405,2.859342052141513,0.2873759833723205,0.15777623561707332,0.9771384617473415,0.012622098849365866,0.14175143624290093,0.15437353509226678
2015-16,CHA,48.0,0.662030025204022,-1.9446459521101511,3.6024428637754813,0.24205197036992,0.34522276817442044,1.15505688672618,0.05974960597245153,0.16125264241042458,0.22100224838287613
2015-16,CHI,42.0,0.7132343559102037,-1.9148719481773764,4.7584905143654534,0.2113353874947621,1.138920499285729,0.6317242196327376,0.2084091454440797,0.0809614301855599,0.28937057562963964
2015-16,CLE,57.0,0.992627297733464,-1.6790466853521266,6.428541762324873,0.23685078708150958,-0.43074984674387223,1.6552070250888227,0.0,0.2197572935321258,0.2197572935321258
2015-16,DAL,42.0,0.3413671381622094,-1.3999010864408146,1.7881954206133364,0.2683400325267277,-0.27306866454640094,1.0076738873172606,0.0,0.13994865125491046,0.13994865125491046
2015-16,DEN,33.0,0.3755099527540746,-1.4872926404786684,1.416531940950094,0.28001331415937375,0.06360025355722143,0.35081472998373514,0.022079769045809366,0.05965342416410899,0.08173319320991836
2015-16,DET,44.0,0.4603129563248272,-2.382849750353195,1.751835621420083,0.23494997416892804,0.48376312715002656,-0.16085858934003336,0.07551256340320836,0.014297597597228607,0.08981016100043697
2015-16,GSW,73.0,1.6412563645377871,-1.4945375096471991,11.693188726678752,0.23394289122485856,0.21334750639796465,3.3782246526185626,0.017067800511837174,0.4290462154276925,0.44611401593952965
2015-16,HOU,41.0,0.868902265712241,-2.441872725422553,5.530493585260309,0.2115113822949357,0.16826518992944206,1.0610676984885055,0.013461215194355365,0.1686137901957317,0.18207500539008706
2015-16,IND,45.0,0.4927912753955858,-1.9241412124012278,2.931937480137792,0.227258721504771,0.3313978783830349,0.6199360794370613,0.05284816446131647,0.09865259482273814,0.1515007592840546
2015-16,LAC,53.0,0.9617661549584408,-3.1458577620154022,6.576695534900345,0.20153748085060386,0.8921061257087373,1.9394716263849638,0.10263251389909525,0.2733207649975654,0.37595327889666064
2015-16,LAL,17.0,-0.019548924163233783,-1.5017898707365989,-0.24627259426813092,0.31493636872710334,-0.5967866899210262,0.15414827029957884,0.0,0.03601945943299179,0.03601945943299179
2015-16,MEM,42.0,0.4170572731100124,-1.6021633899635628,1.5455485524443682,0.27130938285287687,0.1283381461933504,0.33902907547556044,0.010267051695468033,0.06359149031610836,0.07385854201157639
2015-16,MIA,48.0,0.8185198598005173,-1.577615138943773,4.726920478636938,0.2438350571186027,1.6686308037845479,0.2031592779679534,0.2479673859487081,0.04104823334511609,0.2890156192938242
2015-16,MIL,33.0,0.7092085986693476,-1.5652257477650435,3.4449631520950463,0.2555477412880572,0.4956637860688587,0.5198977308359746,0.07403571156575661,0.09173155114868603,0.16576726271444264
2015-16,MIN,29.0,0.6366358653470845,-2.471082040737168,3.1671985412891663,0.2253378478934226,0.7219428783054375,0.2898752007535383,0.13050177644804106,0.0503270682628625,0.18082884471090355
2015-16,NOP,30.0,0.9412270851604008,-2.3761511438856644,5.76769073316943,0.22563859021549376,1.0486878658475198,1.1981176775106588,0.1354909200542131,0.16476851694560168,0.3002594369998148
2015-16,NYK,32.0,0.4420343505135481,-1.5985865092108118,2.2502082663807728,0.23940597950948367,0.0645984612854562,0.46935446369659917,0.03371943252580355,0.05870798844544097,0.09242742097124451
2015-16,OKC,55.0,1.3843242090717685,-1.9850454311738246,10.132205378934547,0.21262529924018814,-0.49140643130334577,2.23231378696124,0.0,0.303349071190843,0.303349071190843
2015-16,ORL,35.0,0.6346661320785036,-1.712375966283525,2.748724837893692,0.26890619072988486,0.42893815294079285,0.4889459259237057,0.06379795675825561,0.08790437495414301,0.1517023317123986
2015-16,PHI,10.0,0.004901173965587313,-2.159099838787327,-0.3485526676441575,0.2549028163720554,0.7668383420121083,-0.6599441190041798,0.13017903407882606,0.0,0.13017903407882606
2015-16,PHX,23.0,-0.22201304239276543,-1.9845633307760033,-0.8611993473135456,0.2831824864068596,-0.8776319738727935,0.18584635426061108,0.0,0.07756996196162862,0.07756996196162862
2015-16,POR,44.0,0.57474536014207,-1.7216424676512982,3.7863785217835115,0.21551904350416418,-1.0537996328575774,1.4417925900470494,0.0,0.19619880654628186,0.19619880654628186
2015-16,SAC,33.0,0.944864531665795,-1.742678227698438,5.680622599787639,0.2373864896893274,0.21767468150151287,0.4206221285518741,0.036872469987106866,0.07377932032336144,0.11065179031046832
2015-16,SAS,67.0,0.7095053060604897,-1.732675919999965,5.592540122586144,0.21897185246560502,1.4306045524431124,1.2043840286108562,0.17671734268876274,0.1564572736896864,0.33317461637844914
2015-16,TOR,56.0,0.4472160707808245,-2.2854516371083533,3.305746436410974,0.1903268353286327,0.23055057165965281,1.0994531598081747,0.03943876041836132,0.15742358973295945,0.19686235015132075
2015-16,UTA,40.0,0.616331007857869,-2.979940192193398,1.7656801926112944,0.2652848683624731,0.7594399705606135,0.134811984771915,0.11500607357768507,0.060545062081914056,0.17555113565959912
2015-16,WAS,41.0,0.7353081024944985,-2.101858838464973,3.7117043743844262,0.2504504683171884,0.127604361792435,0.7822902421850119,0.031144052453294394,0.10897348537953766,0.14011753783283204
2016-17,ATL,43.0,0.4071416104432339,-2.3795613074137023,1.5035418344505018,0.2241617877926646,-0.012106594444370412,0.045409070447394534,0.0,0.051114639214103155,0.051114639214103155
2016-17,BKN,20.0,-0.10695932460236098,-2.3484684651519485,-0.682763965013482,0.2352289939886668,-0.5089764820497538,0.009360696205317105,0.0,0.044679792226360204,0.044679792226360204
2016-17,BOS,53.0,0.9594384100485047,-1.1880384807413935,5.511382248851482,0.27563160912665546,-0.3595100395668659,1.9344546060504912,0.0,0.2527641107402371,0.2527641107402371
2016-17,CHA,36.0,0.6680572595410375,-0.7562062451054556,4.012347518474246,0.27920143234768896,0.056988661427999326,1.2423788951626062,0.004559092914239947,0.15946137793934007,0.16402047085358
2016-17,CHI,41.0,0.5010911944215957,-1.3226497579877328,3.635495027301184,0.2318110536077761,0.8423448465494556,0.635164747920165,0.11737578536553578,0.10207095174204925,0.21944673710758503
2016-17,CLE,51.0,1.214827166949571,-2.2534010223752583,7.824514642104573,0.22699006551668477,-0.7410020931303702,1.8374892417472983,0.0,0.23686033607670964,0.23686033607670964
2016-17,DAL,33.0,0.2417546679366644,-1.8964615844756172,0.6855636627728836,0.26516269505321816,-0.05978047991636885,0.6478323676879785,0.02012645972738667,0.08793723536946205,0.10806369509684871
2016-17,DEN,40.0,0.6278711491473027,-1.432106326540016,3.015898294894811,0.2635476758037541,-0.21731096463092825,0.9062429688221793,0.004576106281018254,0.11445595540342807,0.11903206168444633
2016-17,DET,37.0,0.22210380320323914,-1.0481543462003042,1.059259396323307,0.3035994892245533,0.7214551840154925,-0.2869531345878917,0.13627733862234148,0.0,0.13627733862234148
2016-17,GSW,67.0,1.8105039508079281,-1.581461349857618,12.485473452906179,0.25276666814282966,1.4948154985453206,3.0430633024899847,0.1847816388816781,0.38184411503707294,0.566625753918751
2016-17,HOU,55.0,0.8871593259289678,-0.8073097904565364,6.41025965232201,0.21992857418853073,-0.6682559224628991,1.5109203830447007,0.0,0.19040096762565467,0.19040096762565467
2016-17,IND,42.0,0.746913097467036,-1.8164303663725319,3.947075694997819,0.2375538145057003,0.528526465612275,1.0193510408179187,0.051414335496776584,0.16224260179579825,0.21365693729257484
2016-17,LAC,51.0,1.093111390116565,-2.210922569585528,6.077473350929729,0.24457513586817364,0.625190168220595,1.3583040085730946,0.1058397444998933,0.17882394821777342,0.2846636927176667
2016-17,LAL,26.0,-0.11919655065323882,-1.887752272186662,-0.8123318463632062,0.3045290191741295,-0.17640279570344392,-0.12327743084993098,0.0,0.016129777945431772,0.016129777945431772
2016-17,MEM,43.0,0.5209310475867032,-2.0739949684743806,2.733169308925285,0.2271554794727429,-0.06561954260211302,0.8888954011403846,0.0,0.15070211965029637,0.15070211965029637
2016-17,MIA,41.0,0.6053242096853347,-1.8348126662844284,2.7195564291167753,0.24539723870526575,0.8545524124967074,-0.035529926886484244,0.1077716130376189,0.008436038140644211,0.11620765117826311
2016-17,MIL,42.0,0.7400053148572787,-2.3061187866262136,4.961124630668403,0.21140581553334964,1.298966341240088,0.6471635423202131,0.19689660246379143,0.08607768925657741,0.2829742917203688
2016-17,MIN,31.0,0.9351593823753318,-1.7251212359884016,5.916970167606679,0.21298686325005617,0.34983623814353637,1.055931709829697,0.07205651392333307,0.14317710893888708,0.21523362286222014
2016-17,NOP,34.0,0.5070183059820486,-2.380031529117831,4.725277682477458,0.16479131496533733,1.7280626669358112,0.28109450942519676,0.22814177380646003,0.06873206631460366,0.29687384012106366
2016-17,NYK,31.0,0.5060142150543991,-1.870475777245144,2.1325651378069943,0.25723101270376775,0.21329440832691235,0.5821195180961973,0.04072103764186588,0.09728036442940324,0.13800140207126912
2016-17,OKC,47.0,0.7345806222971912,-2.9584386652708297,5.239858069169139,0.18115929014797472,-0.8286814048341042,0.9397538372395328,0.0,0.17689176946489044,0.17689176946489044
2016-17,ORL,29.0,0.41343843025332677,-1.9945215354311185,1.3866603980075198,0.2493581456877143,0.5363837877428727,0.08617476918655653,0.0765118364485604,0.04540622850704716,0.12191806495560756
2016-17,PHI,28.0,0.0016850499150406761,-2.2546723129445883,-0.3710539706060718,0.24024418489993754,0.41446043954103196,-0.18950417059954155,0.09185699529531913,0.0,0.09185699529531913
2016-17,PHX,24.0,0.19203569832146472,-2.136612230384989,0.4861609908977725,0.23263422024355973,-0.18181562187827885,0.17753704200743378,0.0,0.07055042988303724,0.07055042988303724
2016-17,POR,41.0,0.7287850906043117,-1.3371497321493977,4.567146626891189,0.25301893015043075,-0.3895471651960628,1.4158827207219045,0.0,0.18688933063908741,0.18688933063908741
2016-17,SAC,32.0,0.22119514815895386,-2.363741793056337,2.864529979923734,0.1532908867426984,0.17339289557174523,0.39700558343888287,0.035922783389925605,0.074772002765817,0.1106947861557426
2016-17,SAS,61.0,0.6943279218009877,-1.8205576375997605,4.996045778207543,0.2212476524472009,1.2976184951430962,1.0989230911963763,0.20265788236904328,0.13937228712673422,0.34203016949577747
2016-17,TOR,51.0,0.6794221370969942,-2.2321983235270935,3.9785446244931775,0.21865780057355771,-0.29179344265454066,1.319995178679635,0.0,0.18239486995373483,0.18239486995373483
2016-17,UTA,51.0,0.6970836454721995,-2.5330408760432928,3.9321964165927086,0.20989033990452988,0.94992098497982,0.7071030152931933,0.14973848166895715,0.105311033595998,0.2550495152649551
2016-17,WAS,49.0,1.0376800625052356,-1.707243613766138,5.873287116303875,0.24582546540077127,0.4345359481043726,1.5620126748875904,0.0580972254298481,0.2257587511375999,0.283855976567448
2017-18,ATL,24.0,0.14354089608362378,-0.6396495154275876,0.7584932225382898,0.3293665649226859,-0.07935365359010585,0.04937266839879613,0.0,0.006572792263492335,0.006572792263492335
2017-18,BKN,28.0,0.15212905312279124,-0.9666995692384063,0.6131849100381236,0.34055209499017186,-0.1253906108419461,0.3150326964744937,0.0,0.04515743092564398,0.04515743092564398
2017-18,BOS,55.0,0.6292863743752524,-1.6068295156952301,3.628413640767227,0.24206632495310865,-0.07100950041661848,1.3838067478494873,0.0017796417081517761,0.1999430237882781,0.2017226654964299
2017-18,CHA,36.0,0.5169947316554593,-1.5635221439564653,2.3925413677075444,0.2655628241169338,-0.15839900679385954,0.6254477775696546,0.0,0.08762942002224991,0.08762942002224991
2017-18,CHI,27.0,-0.02124478310532453,-1.8623321516605236,-0.30682269924672784,0.26784468985278553,-0.03217610182119646,0.07126757940526858,0.020202780242949376,0.03330339485863419,0.053506175101583564
2017-18,CLE,50.0,0.6305311669488394,-2.4164333866193513,5.367215796629775,0.17017963852307225,-0.5459993120230872,1.5253846763965526,0.0,0.217276949547,0.217276949547
2017-18,DAL,24.0,0.14711577449799207,-0.9719483287965167,0.71465681115853,0.31085176054887675,-0.3574579616074205,0.5052322517479474,0.0,0.0547800965523628,0.0547800965523628
2017-18,DEN,46.0,0.9285512689538242,-1.6499505928897265,4.976274106049527,0.2664263849408334,0.34853567193628576,1.2410871626669937,0.04642967340303879,0.18013085005607152,0.22656052345911032
2017-18,DET,39.0,0.3484147126767411,-2.1528335168769646,2.408017074343314,0.20311630989552493,1.2124948731283651,-0.11058984229497264,0.16070899085688606,0.010657663191638425,0.17136665404852447
2017-18,GSW,58.0,1.6891011836333116,-2.6650492996046298,10.74429762770314,0.24944425334373982,0.08132672075148191,3.2240686781827823,0.01864243302627053,0.4177456566876545,0.43638808971392506
2017-18,HOU,65.0,1.5299663997027648,-1.340080636153166,10.571531465130166,0.24094662685248264,0.874493882673886,2.6068830526805433,0.13984118077744692,0.3134830846047322,0.45332426538217907
2017-18,IND,48.0,0.6256176682530044,-1.742212827968408,3.845731191335168,0.23764145178211232,1.7840708192108556,0.6758152436170165,0.2612954132307634,0.09493176341732304,0.35622717664808645
2017-18,LAC,42.0,0.686685024082754,-2.753932261737662,2.605901454802785,0.23246094500974646,-0.8367106264849065,0.5959935317031432,0.0,0.11415883309149477,0.11415883309149477
2017-18,LAL,35.0,0.11168876181767584,-0.9237442940763174,0.5326958434112212,0.32454421067709305,0.2649847891310249,-0.3058539426463032,0.05585281572923296,0.0,0.05585281572923296
2017-18,MEM,22.0,0.19681049448269214,-2.363664253461942,0.5246393634111364,0.19794943387664687,-0.22949649060675573,0.1825761027537345,0.0,0.0600076450795405,0.0600076450795405
2017-18,MIA,44.0,0.07892459782965938,-1.399480494608651,0.22022691138358708,0.2971531418019804,0.03807339703762472,0.15952932113410692,0.00599398909283838,0.02668599249240739,0.03267998158524577
2017-18,MIL,44.0,1.1467104158886483,-2.052514795438001,7.28175311427992,0.21803217266629282,1.057728823375702,1.400906824732055,0.10823387159433662,0.20467482709960666,0.3129086986939433
2017-18,MIN,47.0,1.1948668671610259,-1.4499171103890067,8.316414425245314,0.2348270977844914,1.610564359536133,1.6078988585279619,0.2131449931738288,0.20301586470876765,0.41616085788259644
2017-18,NOP,48.0,1.6020096010636358,-2.2672695828288822,11.93146205541267,0.20768773724927847,2.867456527872493,1.3693308993847613,0.41207106420001904,0.18758873099921203,0.5996597951992311
2017-18,NYK,29.0,0.6388934234446876,-2.3396589216315724,2.8346615765422243,0.22800212436360545,0.8463812655224547,0.6247965849242844,0.16184508256360175,0.10796842041486693,0.2698135029784687
2017-18,OKC,48.0,1.1071156961453568,-2.6343121703807144,6.464470148257072,0.23523559882712003,0.17929835248117867,0.9199061439403098,0.025054714113376085,0.14217999322138802,0.16723470733476412
2017-18,ORL,25.0,0.4550437173401741,-1.7351663679194942,2.146109675232496,0.24148748735675463,0.2381673840841405,0.428586032555761,0.046478497531897076,0.06740430484871923,0.11388280238061631
2017-18,PHI,52.0,0.8871993518600126,-1.14575692686735,4.46527159647894,0.2664937504100213,0.42188623780983997,0.36220691757301804,0.073109942685568,0.053161098741476634,0.12627104142704465
2017-18,PHX,21.0,-0.1747654621256594,-2.674115610137661,-0.7163145280326613,0.19261059493810895,-0.8099364973935593,0.17510640489516796,0.0,0.0735300056094515,0.0735300056094515
2017-18,POR,49.0,0.7820712449956757,-2.6045147094819345,4.673076583945486,0.22182828810099275,-0.2580519591242559,1.5392311217962773,0.0,0.20983376980568424,0.20983376980568424
2017-18,SAC,27.0,-0.07699421105979662,-2.5406024601799615,-0.9952902475827444,0.28045189169153234,0.021366891411080446,-0.15476092040133216,0.02841489408187253,0.017510562123101862,0.04592545620497439
2017-18,SAS,47.0,0.2337164344787918,-2.534673972341537,1.7138988346309527,0.1854233462513979,1.1034216282293676,0.1562474076480417,0.16680983362413787,0.0479216397990162,0.21473147342315407
2017-18,TOR,59.0,0.6714572717566901,-1.882459072206192,3.137369109947932,0.26899597536371395,-0.36378221675124806,1.103240283942755,0.0,0.15834618415480323,0.15834618415480323
2017-18,UTA,48.0,0.5382213773803474,-1.8976421137692245,2.326864450382665,0.2455344870432699,0.8492420842351518,0.16840655601125334,0.10031815114690554,0.052387424276068226,0.15270557542297375
2017-18,WAS,43.0,0.7882550597282677,-1.1074643586694033,4.2251052888721965,0.27572243872860586,0.13226665386390138,1.1119579824807266,0.013137408329365958,0.15067944996618082,0.1638168582955468
2018-19,ATL,29.0,0.31160035278960435,-2.000802643642836,0.8853742690938298,0.26883659296196527,-0.6172478926576243,0.3458430648854956,0.0,0.08466986473016153,0.08466986473016153
2018-19,BKN,42.0,0.16832322649398132,-2.252499793118293,0.2791816165623846,0.24451767153184112,-0.6240919434214334,0.48996394174111174,0.0,0.09995590761777337,0.09995590761777337
2018-19,BOS,49.0,0.8348423653663397,-1.0304553257652433,5.677314136165493,0.2583372356225377,0.44142060364245334,1.6889518115456903,0.041700095427524675,0.21735028669569192,0.2590503821232166
2018-19,CHA,39.0,0.48513219843077177,-1.9281593526442986,2.9562207426899154,0.21749768179612478,0.0907601322475748,1.1640403550134506,0.007260810579805984,0.16473408920650903,0.17199489978631502
2018-19,CHI,22.0,0.5094104983346619,-2.35398062761899,1.528956077338278,0.2641852527680379,0.04631603753277524,0.5315158934090832,0.011790175915228747,0.0947760991606658,0.10656627507589456
2018-19,CLE,19.0,-0.11227656917036999,-1.8340093389956555,-0.636237439856661,0.2899149326148773,0.09430583569052176,-0.3261448863412224,0.05301718762885406,0.0,0.05301718762885406
2018-19,DAL,33.0,0.28497248903610617,-2.231756301115207,0.6862918933350052,0.24196545733261504,-0.41347203502047924,0.008804468676820684,0.0,0.03581233085608748,0.03581233085608748
2018-19,DEN,54.0,0.5602252568532012,-1.4004134990257073,3.6391010455049373,0.24392663756322536,0.12136285101061653,0.7464686975216598,0.017699189477159538,0.10016851623436684,0.11786770571152638
2018-19,DET,41.0,0.5122574043547026,-2.8805950809913474,2.8813492697589753,0.2013268386504043,0.4479174694628273,0.027768731295174553,0.08313061344697031,0.025294977212677167,0.10842559065964748
2018-19,GSW,57.0,1.3584270691868565,-2.285812417148885,8.638658832545119,0.23828792897946655,-0.188020915121437,2.9112431736879407,0.0,0.3851006861679306,0.3851006861679306
2018-19,HOU,53.0,1.3850106693806683,-2.295893764328145,9.285874410217476,0.2056619767763881,0.3288232343069743,2.265384318895618,0.026305858744557944,0.30894004156282395,0.3352459003073819
2018-19,IND,48.0,0.2858036718517382,-1.5835848343642263,1.0019167217295075,0.2669562173502885,0.5348584430569071,0.0634536124602273,0.04918227570372389,0.04667910789274594,0.09586138359646983
2018-19,LAC,48.0,0.6847285859511938,-1.7325580907871585,2.9613293359986406,0.2645017334600558,-0.4227456463609099,1.0462362045274447,0.0,0.1475289685867947,0.1475289685867947
2018-19,LAL,37.0,0.5068728554516133,-1.7132346302269932,4.029634659852748,0.21287332777839063,-0.4410771430552706,0.6953359694136049,0.0,0.1133476889274577,0.1133476889274577
2018-19,MEM,33.0,0.6611457603690442,-1.9732988279764396,3.223888527482499,0.24552199428947874,0.9016980859574362,0.8588633662217956,0.09602076879499051,0.1420549016820433,0.23807567047703382
2018-19,MIA,39.0,-0.004399275771671415,-1.8579808940886706,-0.16742093719922607,0.2488428954712225,0.4589708288973234,-0.37572279183545637,0.08014528655970826,0.0,0.08014528655970826
2018-19,MIL,60.0,1.1172909834248441,-1.2289949643216933,7.249339575094702,0.22261905719859487,0.6957425419408351,1.09792609905717,0.1102057864418797,0.12031074797010814,0.23051653441198783
2018-19,MIN,36.0,0.5484756643916583,-1.8143009776249404,4.309913831864255,0.20353190975342766,0.07714577732096853,0.8024195197471531,0.009165431238168428,0.1124903226143566,0.12165575385252503
2018-19,NOP,33.0,1.2493390087930014,-2.5994956752109544,8.230139244353683,0.20838258409318638,1.7163593249758362,1.0778329718452961,0.2497470854076813,0.1477569155023939,0.3975040009100752
2018-19,NYK,17.0,-0.22056981414998986,-2.287468903369711,-1.184956940523588,0.2862123811137393,0.3652977813823262,-0.2933354088738781,0.0781129961386148,0.0,0.0781129961386148
2018-19,OKC,49.0,1.2817664867299816,-2.0511535415538704,9.372005089393344,0.2116942752569813,1.3991765303336854,1.2889959218983214,0.18756112829163918,0.17862642626026343,0.3661875545519026
2018-19,ORL,42.0,0.5537292902925649,-1.652770005806109,3.523697549705462,0.21041513870075834,0.24952498913864266,0.7159904135935073,0.04290560162285507,0.09483882135110402,0.13774442297395909
2018-19,PHI,51.0,1.203392891541703,-2.3290993579827832,7.205249252090194,0.24861721016788252,0.4915465753632768,1.0400340032581634,0.07769891908386042,0.14173876405139535,0.21943768313525577
2018-19,PHX,19.0,0.4605669191390892,-2.2751754727729807,1.4829926991199365,0.23383398355990465,-0.1802001810770626,0.52382012224494,0.0,0.10051773469894476,0.10051773469894476
2018-19,POR,53.0,0.8280131753426384,-2.519222330983973,4.1919255135213875,0.23030588210698077,-0.08686088380076755,1.3972495533699667,0.0,0.20890496595786817,0.20890496595786817
2018-19,SAC,39.0,0.4082761419156199,-0.7756637978588828,1.8819998973098522,0.30211381864664993,0.04584712198060887,0.5420736736208303,0.0036677697584487096,0.08345455201662857,0.08712232177507728
2018-19,SAS,48.0,0.4765906024770975,-1.5881991947276162,2.2714289395205283,0.25363093247471763,0.06494750108759091,0.37252371420793373,0.04968160973842366,0.026726059151580616,0.07640766889000428
2018-19,TOR,58.0,0.9663810470585682,-1.4307110296676309,5.973815401524609,0.23407482696652987,0.637162038202942,1.3247677651721528,0.07892970278298114,0.1599434717736185,0.23887317455659965
2018-19,UTA,50.0,0.6791182653123105,-1.4647639474865861,3.9470570443420714,0.24048073637155115,1.294191800152782,0.22338352812002957,0.1836349480232221,0.043462190962556886,0.227097138985779
2018-19,WAS,32.0,0.8013966030692847,-0.6204815908600334,4.790283693123284,0.28440603657170227,0.46807589925625614,1.0954809587659742,0.06840992555439457,0.12586210473792186,0.19427203029231643
2019-20,ATL,20.0,0.6964964928976047,-2.7794540402034515,4.623404964584188,0.1881425838238701,-0.5682592754370701,1.4155847968042845,0.0,0.21567255885969955,0.21567255885969955
2019-20,BKN,35.0,0.15497230137068205,-1.4054336518621873,0.4342509855557967,0.3087505994515932,-0.3487493178542975,0.00981047779945768,0.0,0.014113078440941838,0.014113078440941838
2019-20,BOS,48.0,0.9455924528795205,-0.37088546197287253,5.374389230076096,0.27213235469584457,0.1635396752092563,1.2759812746277097,0.013083174016740504,0.1521123871254534,0.16519556114219391
2019-20,CHA,23.0,0.06163157373339434,-2.515981897128797,-0.11043416106343876,0.2109067893573865,-0.5872360127656888,0.4647435085890382,0.0,0.10273007506240026,0.10273007506240026
2019-20,CHI,22.0,0.19948956503664975,-1.998474587027819,0.9510713249592962,0.2392240441404258,-0.15927096450084385,0.23103848056699344,0.0,0.07220348256059114,0.07220348256059114
2019-20,CLE,19.0,0.08241160696234535,-2.3421641280925325,-0.11462220808055391,0.22849223392353418,-0.4827444784066624,-0.054410848232926634,0.0,0.017799863443540828,0.017799863443540828
2019-20,DAL,43.0,0.8476391481060587,-1.735338893607985,6.547317779864965,0.21953675387990224,-0.3749201017700647,1.5179610108859518,0.0,0.19188916357623326,0.19188916357623326
2019-20,DEN,46.0,0.6259270293013155,-1.5409694469989157,3.6849415327787542,0.2495890407098444,-0.03043691447971533,0.8066756457892655,0.0,0.10554029287618555,0.10554029287618555
2019-20,DET,20.0,0.2108291876709112,-2.0676285344094527,1.7857678086613373,0.19739249610369347,0.8855768761886852,-0.5546124849969676,0.12011150261641382,0.0,0.12011150261641382
2019-20,GSW,15.0,-0.0003976714400754505,-2.0741043903344476,-0.35712865533124843,0.25902520322719713,0.20347219236142014,0.10412397230302954,0.04026382669712324,0.041999888570318285,0.08226371526744153
2019-20,HOU,44.0,1.3686838992074855,-2.2736026026240577,9.333455857791279,0.2085444319442019,0.3399653555683261,1.6064142823355831,0.03516200089674433,0.22371302790541747,0.2588750288021618
2019-20,IND,45.0,0.5606006111583395,-2.0553040733782666,2.2219238524648666,0.262844501003097,0.01066734915823701,0.2690255553247447,0.0008533879326589609,0.043198282680736055,0.044051670613395016
2019-20,LAC,49.0,1.0058734068157515,-1.6382792229830498,6.786894565699196,0.2322555247177019,0.38490308853356936,1.6541353552284768,0.050391255489270995,0.21951726447472847,0.26990851996399945
2019-20,LAL,52.0,0.7179998542048592,-2.319165722092585,7.46165250728287,0.15268675278141317,1.34096379664973,1.0077978918817472,0.1912428354492084,0.14545374665829053,0.3366965821074989
2019-20,MEM,34.0,0.257101347581837,-1.5319745733644603,0.8505554234874836,0.2771704207104558,-0.07525271835420119,0.05733516178072899,0.0,0.031810276331787894,0.031810276331787894
2019-20,MIA,44.0,0.6090541431594947,-1.0909359260293963,3.66971679816754,0.2658841400252088,0.5466223607880702,0.751561047055218,0.10153566199150407,0.08647761760927608,0.18801327960078015
2019-20,MIL,56.0,1.0600829768784064,-2.141258645422468,6.858750459138137,0.21581649071009068,0.011048866631347366,1.2108253427351356,0.0035122533253907394,0.16370486018620983,0.16721711351160057
2019-20,MIN,19.0,0.825186137200152,-2.6688145757452273,5.411698970684386,0.197389348500759,0.2047193587355381,1.2159346410998446,0.02886223488625765,0.1913224052388989,0.22018464012515654
2019-20,NOP,30.0,0.4866842460943796,-1.4527608443894677,2.6111378726819514,0.2505408537091511,-0.0005103620790210012,0.3218966947594673,0.017511894379208272,0.03795984763320778,0.05547174201241606
2019-20,NYK,21.0,0.1921312528629229,-2.3734029834614807,0.2478477019702367,0.2526399910924011,0.40613277528766045,-0.16123919194134262,0.07010553262977373,0.023377028858053192,0.09348256148782692
2019-20,OKC,44.0,0.6902622732309507,-3.1897554347188057,2.5645305431712666,0.2345178621121654,-0.2502215210455401,1.2405325829167677,0.0,0.21580578435264736,0.21580578435264736
2019-20,ORL,33.0,0.706751674739613,-1.1591283215189574,4.150250212087386,0.2674863176704991,1.2927937671079957,0.445783260313001,0.17741486543720247,0.05204580157576612,0.22946066701296858
2019-20,PHI,43.0,0.9851988752517047,-2.376247734561953,4.278025224304543,0.2558417520525158,0.5755044567897929,0.23988796724075417,0.06839679311585896,0.05791638678865845,0.1263131799045174
2019-20,PHX,34.0,0.8328626608463854,-1.482922570653587,3.6254876548365385,0.293742899023611,-0.4843098754359847,0.7477871702373561,0.0,0.10449856545931477,0.10449856545931477
2019-20,POR,35.0,1.2572185507178917,-2.651368286976776,8.026773973335652,0.2275422826382334,0.32980068852999217,2.097230483516048,0.04077012035845001,0.27884446776714167,0.3196145881255917
2019-20,SAC,31.0,0.4817251606975991,-1.0367596459201898,2.037792124777888,0.29359978865464026,0.10331224058327008,0.4833089452766646,0.03056266840107862,0.05335459833218891,0.08391726673326753
2019-20,SAS,32.0,0.4857387148886721,-1.8316907891377312,2.4621985812428018,0.2517967725828717,0.5571843110931798,0.5241883352675869,0.09639375934486805,0.06170360140964283,0.15809736075451086
2019-20,TOR,53.0,0.9838540075201339,-1.2106329290613531,5.175883159047509,0.2577325900545641,0.2856379784898696,1.3787562259899964,0.029340209647584804,0.19279688028303468,0.22213708993061948
2019-20,UTA,44.0,0.5238685059510244,-1.2996916038916249,2.600961605951166,0.26229281896867906,-0.16326211556310827,0.4638410536584405,0.0,0.056463215793776673,0.056463215793776673
2019-20,WAS,25.0,0.6076527723538667,-1.843697621533574,3.6496754414635375,0.21972967007251676,-0.3258490717854129,1.397195554051579,0.0,0.19338737315216042,0.19338737315216042
2020-21,ATL,41.0,0.9521492954629254,-1.7931185064322461,4.137880246612711,0.25813036618712787,0.5819089999627891,0.4947514302848967,0.08084065879279968,0.06857040205202655,0.14941106084482625
2020-21,BKN,48.0,1.0110993633702408,-1.7555185467542826,8.19964059914709,0.20477841841365882,-0.07762975438759262,2.1467442727214925,0.0,0.2692496779624115,0.2692496779624115
2020-21,BOS,36.0,0.9397905496726557,-2.984291198008089,4.5712404048088295,0.24174909129488814,0.002149859629364878,1.3208037536377666,0.01722398805024268,0.20659992346046174,0.2238239115107044
2020-21,CHA,33.0,0.5871468861660653,-0.9353952534015931,2.5980931326552064,0.2657470830960324,0.004744445602736734,0.755802087916496,0.0003795556482189387,0.11943271560753507,0.11981227125575401
2020-21,CHI,31.0,0.1414749479064631,-2.177547839217687,0.6832884518093147,0.22251707639737556,-1.120078462639525,0.595222377599421,0.0,0.09486237295059308,0.09486237295059308
2020-21,CLE,22.0,0.2444069831658156,-2.588837952190179,0.26082858240899953,0.26417191043538113,0.024043976362002957,-0.002916448869428451,0.01224378026638134,0.03558246013177562,0.04782624039815696
2020-21,DAL,42.0,0.6849257626141358,-0.9743956647514196,4.541030015402421,0.2538384123630207,-0.5782900021228051,1.089838553216302,0.0,0.12418048723158685,0.12418048723158685
2020-21,DEN,47.0,1.0754147829259122,-1.8516397426170628,7.445756976658416,0.21639296697510313,0.26822437912345837,1.7160527872475946,0.025596396009206587,0.22302238628477025,0.24861878229397683
2020-21,DET,20.0,0.16051426626506382,-1.9830063697643316,0.3814499226695344,0.25465175653023736,0.4578238994118337,0.018421397926669143,0.056807001115887955,0.040218323452908815,0.09702532456879677
2020-21,GSW,39.0,0.790968168048823,-2.3572858715835974,5.121004033479023,0.2135479729040602,-0.05392176624620331,1.452570652053431,0.0,0.2088531674589853,0.2088531674589853
2020-21,HOU,17.0,0.13898063933871893,-2.60254516316706,0.4551083963994562,0.21147959366272506,0.3772536479107472,-0.185431040038105,0.051411327380533556,0.016996135637300742,0.06840746301783429
2020-21,IND,34.0,0.8879451330856869,-1.8891793836905975,4.768851176014032,0.23989635737438825,0.8902769860093287,0.4198213221658751,0.12510646448072654,0.05477176691480775,0.1798782313955343
2020-21,LAC,47.0,0.6874557527818275,-1.8379780090326256,5.134823394555639,0.21000751929135353,0.4283201656783114,1.3288014765725116,0.08521274865499326,0.16249590212785403,0.2477086507828473
2020-21,LAL,42.0,0.17955987002522092,-2.2266635868001274,1.4221733148665918,0.19166526941537348,-0.7237881089345775,0.28822691979665255,0.0,0.059567334197369814,0.059567334197369814
2020-21,MEM,38.0,0.3584894655381752,-1.3699043497551724,1.86254092479018,0.2605048096326591,0.23755712739602264,0.07673489777452934,0.01900457019168181,0.022390475172059107,0.04139504536374092
2020-21,MIA,40.0,0.7665188493177646,-1.8191645437755921,4.763203381654564,0.21471815916938808,0.9121203143099808,0.8470592564746557,0.15174689066155228,0.10915010528744308,0.26089699594899535
2020-21,MIL,46.0,1.1060527402011018,-1.2696969980054678,7.388257219140744,0.2517569332029563,0.7139021873685066,1.1343681405849204,0.07956215443325677,0.16092361774142852,0.2404857721746853
2020-21,MIN,23.0,0.6784482265157823,-1.8370273125583338,3.8027341609996634,0.23047808085212118,-0.427804371074495,0.8953965044307293,0.0,0.13824364033669742,0.13824364033669742
2020-21,NOP,31.0,0.641930895839742,-1.7007538621190768,2.8055236075284995,0.2703181984434937,-0.2429751370389635,0.6130606674011774,0.0,0.11768705914607591,0.11768705914607591
2020-21,NYK,41.0,0.22702400136692888,-2.1264143231841555,1.1591030425528444,0.2028995160618579,-0.052696263751723496,0.10218495279135129,0.023761213354318723,0.027118402793439966,0.05087961614775869
2020-21,OKC,22.0,-0.359645080485212,-2.7937102236958733,-1.6514974792679156,0.2404150580236593,-0.689038436892729,-0.267290972770058,0.0,0.01793861874260828,0.01793861874260828
2020-21,ORL,21.0,0.16523463594547352,-2.37942089118899,2.9791873275027467,0.14548012115412323,0.266187242876684,0.6263532163573506,0.04024588766906825,0.10581417724742792,0.14606006491649617
2020-21,PHI,49.0,0.8455997943047336,-2.2504006364146982,4.738300173725182,0.21739707064552838,0.8853994742985472,0.45915943670584486,0.11639149530076227,0.07454445527491732,0.19093595057567958
2020-21,PHX,51.0,0.8113894062927444,-1.7382212609469727,3.5590041216489814,0.2838055180859317,0.15195220622247024,1.0263847190480442,0.02915869071963224,0.1302993535348958,0.15945804425452803
2020-21,POR,42.0,0.9962077712190737,-1.5157878664284157,5.652642038527964,0.25127985940275693,-0.046425509551791665,1.8051347366397135,0.0,0.22041786189956647,0.22041786189956647
2020-21,SAC,31.0,0.7280782570560089,-1.1045458077481962,3.4400960829726306,0.27206617968856345,0.14945577274342917,0.8050095138341886,0.014457892230327792,0.10671129354212779,0.12116918577245558
2020-21,SAS,33.0,0.2758121881219868,-1.8728987260216088,0.9685475807054097,0.238987408724731,0.2860261411393132,0.11917600560198503,0.056721311731869756,0.022377694268626007,0.07909900600049577
2020-21,TOR,27.0,1.0468709978954835,-0.4400161303850374,6.093705655314494,0.25129737771602456,0.9378250130028146,1.2766090881790604,0.08697299809944647,0.15273322609191628,0.23970622419136275
2020-21,UTA,52.0,0.96026368649246,-0.5872127223955184,5.661723570379239,0.29689796051736167,0.9201011484597891,0.7910020369055102,0.1521751868586781,0.08412708595452545,0.23630227281320354
2020-21,WAS,34.0,0.5375436909937155,-2.3046924980694268,3.516091177828687,0.18424016504982815,-1.014991254355986,0.6064550203379118,0.0,0.09563934204268426,0.09563934204268426
2021-22,ATL,43.0,0.7688086178876137,-1.4057369468432586,4.273195115540563,0.26212938612250775,-0.4136382200632272,1.2451418513574772,0.0,0.14702828435214332,0.14702828435214332
2021-22,BKN,44.0,1.5011527372498776,-3.210009076123802,10.336070735993353,0.21982851779951273,-0.4264073994373861,2.93416138967853,0.0,0.3840449682763575,0.3840449682763575
2021-22,BOS,51.0,1.1432659511532492,-1.118289450667782,6.409028445015852,0.27449652252735174,0.973965163252141,1.077221689736876,0.13343359515825723,0.13743762229650008,0.2708712174547573
2021-22,CHA,43.0,0.9381847419363164,-1.670351927723877,5.442707384717255,0.25357157889648524,0.4864946567510577,1.5001554285510548,0.038919572540084615,0.21984163535331042,0.258761207893395
2021-22,CHI,46.0,1.0848526003248016,-1.7919434307902151,4.891023421580891,0.28681124795920576,-0.004022808267313128,1.1280342255796005,0.009493448213757574,0.14497102690670244,0.15446447512046002
2021-22,CLE,44.0,0.719008228841713,-1.5827554554740955,3.4634334625534917,0.25782179430258606,0.23397624103752362,0.6227031097676354,0.05408829330552706,0.0849018397975681,0.13899013310309516
2021-22,DAL,52.0,0.45492594203927506,-2.0443041673875144,3.83530185851722,0.1937684238717448,-0.8056150848094553,1.1132368294192052,0.0,0.15886070569202798,0.15886070569202798
2021-22,DEN,48.0,0.8239178485467237,-2.900311477168734,6.145694395017351,0.16721933824712187,-0.012445424520512732,1.4002889255660542,0.028873261904471786,0.19306910204366556,0.22194236394813735
2021-22,DET,23.0,0.05803672284954589,-2.3838470313449482,-0.274732610151876,0.23033400612216975,0.008250287115718893,-0.08077989981234462,0.0006600229692575115,0.03304222940118221,0.03370225237043972
2021-22,GSW,53.0,0.5585724413065509,-2.0352444141385058,3.3348879692810316,0.21751444757479094,-0.3674044085457964,1.2164970206665437,0.0,0.18573296321233024,0.18573296321233024
2021-22,HOU,20.0,-0.1081531742735804,-2.345940681941755,-0.7658620903991118,0.2429023230708809,-0.29073708738586695,-0.3318918579553574,0.0,0.0,0.0
2021-22,IND,25.0,0.7493475659225234,-1.8663156879052674,3.178292146605409,0.27053592759207934,0.38329075626518716,0.3000676931407738,0.059826260770644735,0.05787453165635479,0.11770079242699952
2021-22,LAC,42.0,-0.21117287416555186,-1.7992449460442803,-1.054749249484399,0.33038928243644916,-0.6281829863140885,0.12507622366779697,0.0,0.03730055002964039,0.03730055002964039
2021-22,LAL,33.0,0.5747702283330011,-2.6685295787550714,4.49771784848088,0.18129617881554827,-0.2663168639416935,1.0963291148973944,0.0,0.16747457871686355,0.16747457871686355
2021-22,MEM,56.0,0.6345763629875577,-1.5435075601641612,3.0098084073499254,0.25853069440706367,0.43548756480518686,0.4990514847544438,0.03483900518441495,0.08836962071926768,0.12320862590368263
2021-22,MIA,53.0,0.8279446452712869,-2.1722664185259974,3.6905079274020514,0.2621416482571725,0.13917323041202204,0.7169477972130198,0.035747772105824235,0.10295015214240573,0.13869792424822996
2021-22,MIL,51.0,1.2457863105122395,-1.4914429344777438,7.970424279235057,0.2390111383074643,0.4682729820339548,1.2791365338676883,0.06087700619804155,0.1499607340384491,0.21083774023649066
2021-22,MIN,46.0,0.7689429529810641,-1.4640442835683207,4.375456025568286,0.24880094570675054,0.3093349215069789,0.7758845870001719,0.02474679372055831,0.10846513664989084,0.13321193037044915
2021-22,NOP,36.0,0.4244288544883443,-1.7816547348253822,1.448795280138686,0.26699911353771266,-0.1406582179469965,0.07345203922422253,0.0,0.021121234550224858,0.021121234550224858
2021-22,NYK,37.0,0.14762149812370334,-1.9631768351729957,0.2257496557267793,0.2633442313684043,0.06652808060261366,-0.3912067046909891,0.034728041774952985,0.0,0.034728041774952985
2021-22,OKC,24.0,0.12464148680113105,-2.868959871419136,0.3949216617325322,0.20120175075389313,-0.04743669853653111,0.060362012353438195,0.012405063669306153,0.055331426191937746,0.06773648986124389
2021-22,ORL,22.0,0.2523735779245541,-1.9201246065008664,0.5924337779097483,0.27756566139248007,-0.03943050156275712,-0.035797179484374955,0.0,0.015773193779260612,0.015773193779260612
2021-22,PHI,51.0,0.935364370112948,-2.3612054208282505,6.1003952621701405,0.2030164725699133,0.31759498211875636,1.2951994200823007,0.02540759856950051,0.17847800623950003,0.20388560480900053
2021-22,PHX,64.0,1.0705350419594193,-1.4137979214230803,5.865273915975297,0.2550166794354572,0.39886076456424263,1.6537098498405383,0.03756090211574163,0.20561327355937148,0.24317417567511312
2021-22,POR,27.0,0.32247870178750093,-2.205929649504636,0.8841934016999073,0.244485524885227,-0.27160141712891567,0.3940388864064799,0.0,0.08696310831810165,0.08696310831810165
2021-22,SAC,30.0,0.3685036917385374,-1.7185608344746945,1.367545276980364,0.25434384667069737,-0.09983203072657758,0.6253180962841021,0.0,0.10704338136282213,0.10704338136282213
2021-22,SAS,34.0,0.7908513651968534,-1.633154960931607,5.430497541468299,0.22373663684211204,1.1609498400245366,0.7928419703647609,0.15749142250475373,0.09963268200917684,0.2571241045139306
2021-22,TOR,48.0,1.059669046576059,-0.9484463447372574,6.146339015618748,0.255079403536818,1.0330458715855617,1.3980516335324686,0.10964729714817463,0.20391242083740918,0.3135597179855838
2021-22,UTA,49.0,0.8155985600794641,-0.952839355242068,5.495389652484255,0.2609633535917282,0.6942578941584736,0.9118650885079833,0.08027117320359178,0.12287543169157975,0.20314660489517153
2021-22,WAS,35.0,0.1398199057545206,-2.683083081349312,-0.020309236381842705,0.23299943470475815,-0.42667498842422624,0.14582835660859672,0.0,0.05196549602693598,0.05196549602693598
2022-23,ATL,41.0,0.7150466232700957,-0.4900012206022487,3.8905754338848597,0.2975024766456261,0.211306209006803,0.6821564304935399,0.02485994539951754,0.07615281486871414,0.10101276026823168
2022-23,BKN,45.0,1.1110865518722732,-2.82272774734247,7.145068503644082,0.2177992378032298,0.7697248066715883,1.6812769869328654,0.107233584307687,0.2509773292332699,0.35821091354095685
2022-23,BOS,57.0,0.864604232725101,-0.9109735912804401,6.245697344989,0.23425373439863406,-0.1667033021248844,1.4785085881809101,0.0,0.180093261090433,0.180093261090433
2022-23,CHA,27.0,0.36315802053345453,-1.367513819605489,1.3967344593760385,0.30234580560410107,0.48075869590219844,0.177111886578763,0.05376642306656286,0.04782861824689699,0.10159504131345985
2022-23,CHI,40.0,0.6839013514027874,-1.9255578423969673,3.242795605801082,0.24208495632446858,0.08687005170536063,0.8475483785514014,0.006949604136428851,0.11722147817498688,0.12417108231141573
2022-23,CLE,51.0,0.9524041403254512,-2.592544553180848,4.450600161655897,0.25226003027922994,0.4215462968792184,1.1419091374762516,0.060348892943770494,0.1667902816868784,0.2271391746306489
2022-23,DAL,38.0,0.650524502019945,-2.5922062438825355,4.747109938364736,0.19320349132461873,-0.40338576664428494,1.3481386421753383,0.0,0.19111514400222435,0.19111514400222435
2022-23,DEN,53.0,1.0184140363801246,-1.9245424364751846,6.800906725900653,0.1950466281859367,-0.0661538325828896,1.4677533688117212,0.0,0.1990233001361778,0.1990233001361778
2022-23,DET,17.0,-0.25940821265389924,-2.13283723407232,-1.3274707057587767,0.3066023376573889,-0.3917996764165305,-0.18533826451795785,0.0,0.007861400824573476,0.007861400824573476
2022-23,GSW,44.0,0.7027743809109118,-1.4372484678217665,5.176253999507305,0.21682649864930315,-0.6713899322990299,1.7525033411164117,0.0,0.22103776750390736,0.22103776750390736
2022-23,HOU,22.0,0.11191918732710357,-1.8883688079966108,0.09043061729714856,0.2806983293271413,-0.299420031470551,-0.25473431714143,0.0,0.003712154189198111,0.003712154189198111
2022-23,IND,35.0,0.6831396960330849,-2.092995839345467,4.764595542726849,0.22164368023744574,0.813727600497332,1.5140566256327552,0.13321382694312367,0.20381183997504454,0.3370256669181682
2022-23,LAC,44.0,0.6271303027968406,-2.216996213000963,3.799906892321795,0.20990111422819085,0.5557886090369583,0.8620487476564221,0.07848329581672336,0.12582332858797368,0.20430662440469705
2022-23,LAL,43.0,0.9022334360358265,-2.2528581514417922,6.76093155783592,0.2011566159087746,0.6535955540226335,0.67154251599167,0.10680870901189493,0.0950564037440724,0.20186511275596733
2022-23,MEM,51.0,0.7378236757293517,-2.063777581130125,3.4923940833091898,0.23886373098856284,0.9654021064097965,0.6259210950808541,0.11743739663369634,0.10434103489665478,0.22177843153035112
2022-23,MIA,44.0,0.8057876916302209,-1.8546334355989806,4.286924373081325,0.24525364954810547,0.7653667031835294,0.9072711892995363,0.10359195545121759,0.12195521328663189,0.22554716873784947
2022-23,MIL,58.0,0.9170972690739391,-2.2255098533093483,4.391231228133114,0.24490362336238952,-0.2030101315169159,0.3832462231967129,0.0,0.06159965330935261,0.06159965330935261
2022-23,MIN,42.0,0.5358327459219289,-1.8354550471780005,2.241727942368525,0.26708565905280035,0.6520598744602804,0.03464001801401408,0.0761194509844466,0.0316018742283188,0.1077213252127654
2022-23,NOP,42.0,0.46612743501839515,-1.7544657838122353,1.6590890707628847,0.27374480200716184,-0.6129663913556403,0.6365870622154304,0.0,0.11312175152714729,0.11312175152714729
2022-23,NYK,47.0,0.6031246764608774,-1.7971634742023626,2.6341270766328986,0.2622905797067688,0.01640209820896581,0.500122317137252,0.028733115324988425,0.0825979329283724,0.11133104825336083
2022-23,OKC,40.0,0.5138962301613009,-2.6571384950667905,3.6997662732118024,0.20144267867432258,0.6514444394309743,0.7577398216543573,0.08846426199305879,0.11841685919123131,0.20688112118429008
2022-23,ORL,34.0,0.06963132474048832,-1.7055771383057965,-0.08135896643977533,0.30801388545761677,-0.37078564352024784,-0.19328542203953913,0.0,0.006169609078361081,0.006169609078361081
2022-23,PHI,54.0,1.3415579386163663,-2.3804629026020256,8.558505957203877,0.22188507389749912,0.22266248955873819,1.9339673738491163,0.018029516455375264,0.26263155166071384,0.2806610681160891
2022-23,PHX,45.0,0.8781438778115822,-2.7382486142912574,3.341578211388981,0.26939170748409846,0.12499417624689109,1.0680041655086492,0.01910356894682428,0.16809844883618041,0.1872020177830047
2022-23,POR,33.0,0.734423334341818,-1.5697076261534786,5.158124795760726,0.22429484649700043,-1.1251431587476761,2.063747848219398,0.0,0.29058191599557337,0.29058191599557337
2022-23,SAC,48.0,0.6026932786292872,-1.9651812296418498,3.6816542549796587,0.20971022106572607,-0.40071357290777243,0.8478133283642734,0.0,0.10916781531672878,0.10916781531672878
2022-23,SAS,22.0,-0.24347064374035668,-2.6489746974342987,-1.4392010019228427,0.2629424983574467,-0.29985378745517055,-0.018471405686826058,0.0,0.029495414358367725,0.029495414358367725
2022-23,TOR,41.0,0.9997536836293353,-1.080826585406609,5.702355137039438,0.26049610538728396,1.2650440192249994,1.0832550726153327,0.12112743779374904,0.1427356613463547,0.26386309914010375
2022-23,UTA,37.0,0.357245400749758,-1.3661350245685955,1.9758346939038813,0.23595564691244753,-0.015673799320006516,0.326063638852774,0.01694497391359768,0.03927016706550638,0.05621514097910406
2022-23,WAS,35.0,0.5813725179417274,-1.5813325656514379,3.3750649252381306,0.24660993448568042,-0.04469277602204331,0.7624437352353387,0.0,0.10616729061618316,0.10616729061618316
2023-24,ATL,36.0,0.9016002422744914,-0.33171937618547875,4.819762767530017,0.306583141654366,-0.4408512057910231,1.2227176629491787,0.0,0.1702427111421625,0.1702427111421625
2023-24,BKN,32.0,0.11609073169835485,-1.853327838573593,0.1589052419083965,0.26991204704688904,0.11925991592814486,0.01727873652543533,0.011402378480148915,0.02719584076968277,0.038598219249831686
2023-24,BOS,64.0,0.8948161893950979,-1.0293930224044132,4.981783510820062,0.26893450635092625,0.1516368624422512,1.2389586714747332,0.01937188191591166,0.13650299334772187,0.15587487526363353
2023-24,CHA,21.0,0.43182929827179606,-2.4189536612378464,1.7798524577020634,0.2104207418877327,-0.18736824949503408,0.7751055545574913,0.0,0.12878844509769255,0.12878844509769255
2023-24,CHI,39.0,0.6368595577057797,-1.7042772453606694,2.7967790081960318,0.2737629319943723,0.35839340268440056,0.742044761851902,0.02971051593081814,0.1251675518771461,0.15487806780796423
2023-24,CLE,48.0,0.7059016802254838,-1.6616819971545351,4.081425622454284,0.22917687304782697,0.380165235638149,0.9365752854080651,0.058320455646390865,0.12663644746182068,0.18495690310821156
2023-24,DAL,50.0,0.9900872353355583,-2.281524639013468,7.9939183116747285,0.1724265341763915,-0.09281179331292516,2.077591975698278,0.005469778269332185,0.2683209550087645,0.2737907332780967
2023-24,DEN,57.0,1.109891391044853,-2.249462016557712,7.58829099139351,0.19791932499034648,0.33428498049374145,1.6689446945740407,0.04140958951469834,0.22091121261339136,0.2623208021280897
2023-24,DET,14.0,-0.07218796067851771,-2.6553143037622142,-0.7423727001801608,0.2150257946328225,-0.9681823851897489,-0.1236472382263383,0.0,0.037672668899010504,0.037672668899010504
2023-24,GSW,46.0,0.28526493172313294,-1.7324833142651395,1.617800733284196,0.24026204009414742,-0.7696133120078538,1.0306273052305563,0.0,0.1545157918886919,0.1545157918886919
2023-24,HOU,41.0,0.635467222707961,-2.312963141081969,2.6663805872966404,0.22947022215351476,0.4599656212477098,0.6025195818321387,0.05523966644621178,0.11128873519372987,0.16652840163994165
2023-24,IND,47.0,0.44281138501281353,-1.8903405410053271,3.0271107735833676,0.2168068499160301,0.48600594823580134,1.1765984868946764,0.08861714293895415,0.15374876442563837,0.24236590736459251
2023-24,LAC,51.0,1.0852637342087128,-1.994351906436401,6.041873314981245,0.26359507964848106,1.1748273770366464,1.4624421981722395,0.1725309374004378,0.19313850654680942,0.3656694439472472
2023-24,LAL,47.0,1.219379695333162,-2.537374790771918,7.945632035619511,0.21780453273249578,1.0406950445493492,1.2634764170950925,0.13468656170562224,0.17997512151209089,0.31466168321771315
2023-24,MEM,27.0,0.15575862499380588,-2.6702092070009815,0.6449805148931401,0.1890410097710999,0.13841161040172575,0.24741622879096067,0.023014104663659316,0.07500362367226576,0.09801772833592508
2023-24,MIA,46.0,0.5010288178961451,-2.297390500026511,1.994148812899388,0.22284311785503735,-0.09311578421091198,0.6582807951980546,0.0,0.11105514510678413,0.11105514510678413
2023-24,MIL,49.0,0.9786329435802356,-1.6097957464092967,6.368149541313737,0.22966852854669378,0.06481868607765513,1.0907106305596135,0.009744095155736137,0.14673966543541195,0.15648376059114807
2023-24,MIN,56.0,0.7729533934157319,-1.8731013685752882,3.4283033103508025,0.2718070107727534,0.3269723407804828,0.4185318496757895,0.03401470110708569,0.07472374273016755,0.10873844383725323
2023-24,NOP,49.0,0.5685962321617545,-0.7485337761632496,2.8928287973181313,0.2852339463138038,-0.15033256717379914,0.8857355862694203,0.0,0.1248123508783075,0.1248123508783075
2023-24,NYK,50.0,0.6017408925268888,-1.5647262621034481,2.7936528970092938,0.26051334070007626,-0.5136396963204216,0.8443734806929706,0.0,0.13074011210491707,0.13074011210491707
2023-24,OKC,57.0,1.0312829766179163,-2.057166404598158,6.692207874971736,0.22545419548325873,1.654587661308452,1.4204478653197623,0.20338789582716255,0.1845605599770551,0.38794845580421766
2023-24,ORL,47.0,0.0010682414720916966,-2.351980185807219,-0.43278706977465986,0.2207067164650336,-0.162985146122537,-0.10330927039522324,0.0,0.012713680857673122,0.012713680857673122
2023-24,PHI,47.0,1.209539200040469,-1.7186083206422427,8.56160786219028,0.22734044433963313,0.7342567149186433,1.7686889426343007,0.05874053719349147,0.25274554897537277,0.31148608616886425
2023-24,PHX,49.0,0.9117598938285624,-1.3620077098558452,5.176440472521218,0.2511251139155698,-0.6313983784056529,1.5838171800445515,0.0,0.2319430963935467,0.2319430963935467
2023-24,POR,21.0,0.03396666087727496,-2.361295461676057,-0.05119698897827034,0.1983168835635732,-0.8575075319845326,0.15915739181968733,0.0,0.07080083610920242,0.07080083610920242
2023-24,SAC,46.0,0.8292918333460049,-2.4107406319785842,4.774789750590014,0.22416592420316528,0.26632150365592855,0.7348258856537878,0.0500022854164488,0.10918202659380777,0.15918431201025657
2023-24,SAS,22.0,0.5168561789245192,-2.198677718382683,3.16832246107064,0.20963168893755763,1.3038364185803626,0.07005943154853295,0.20076627754710263,0.046029506970311704,0.24679578451741435
2023-24,TOR,25.0,0.661553068910008,-1.4468046372356325,3.05981175364418,0.2562744769982992,0.2636487924690617,0.3802360518139263,0.048015649488617085,0.04164597175192053,0.08966162124053761
2023-24,UTA,31.0,0.3974211428467228,-2.078942936138283,1.868679871695848,0.2240623220264299,0.25658761277708847,0.5394250868180971,0.09557221704335014,0.08358809514731576,0.17916031219066592
2023-24,WAS,15.0,0.3552447426851952,-1.6926676113646013,1.2621770615165437,0.2720077988131699,0.4962632628666706,0.16255098294387932,0.08973150407632498,0.031891227403814164,0.12162273148013913
2024-25,ATL,40.0,0.9557986573857756,-2.0536357763344024,4.277169610913567,0.2801691954790021,0.6577767513809847,0.3734770960072256,0.08058485386144193,0.08562199181039958,0.16620684567184152
2024-25,BKN,26.0,-0.3268553508462707,-2.633901621275897,-1.501031402263457,0.25812600304710953,0.27090542076618673,-0.24792631666102402,0.06654780283162455,0.0019463918612687599,0.0684941946928933
2024-25,BOS,61.0,0.9660577573235541,-0.4909845756670291,6.319057687487529,0.27845939428936367,-0.3716679875543084,1.6965581884345688,0.0,0.190075443164273,0.190075443164273
2024-25,CHA,19.0,0.46011541411074497,-3.1732970161939904,1.8632186009561351,0.19159493300556762,-0.46090444591795215,0.6043408908700895,0.0,0.11169894323589585,0.11169894323589585
2024-25,CHI,39.0,0.8694250771408856,-1.8595825365409895,3.6855778908551704,0.26899844808966866,-0.5078231806098716,0.9537764091576669,0.0,0.1358304963048959,0.1358304963048959
2024-25,CLE,64.0,1.054106113418053,-1.4627547477798175,4.974626421881403,0.29332822890367,0.3530335441134805,1.1896179780557372,0.0652873719105373,0.1344917496826428,0.1997791215931801
2024-25,DAL,39.0,0.4205331141187551,-1.6333613155755355,2.7071723082674555,0.24350085509887887,0.399991616696843,0.7618121400742304,0.07484070756104419,0.10531883423690921,0.1801595417979534
2024-25,DEN,50.0,1.5596108095481345,-1.2598067655679737,10.79096448496909,0.22413448570657496,0.7052219642606957,2.4299056235027816,0.10718898895648203,0.3125546949933966,0.41974368394987865
2024-25,DET,44.0,0.4827843766366846,-1.7585652784567642,2.3405047601659312,0.24567853593923228,-0.41101684707931424,0.5231704163681021,0.0,0.09743706241826822,0.09743706241826822
2024-25,GSW,48.0,0.3909898635752126,-2.330957368619489,2.332583123228863,0.21022260851737956,-0.092497124194895,1.0114044849997854,0.0,0.14823100317832272,0.14823100317832272
2024-25,HOU,52.0,0.5404507305582068,-0.4138264192438972,2.5459599795030283,0.31512180195301465,0.5309847600048428,-0.04824664080285945,0.04247878080038743,0.012394243380035681,0.05487302418042311
2024-25,IND,50.0,0.7386402848804201,-1.6413897989919368,4.296818325283603,0.24698628806226736,0.6435127157480545,1.3284785435858242,0.0959524216712736,0.1730776612483222,0.2690300829195958
2024-25,LAC,50.0,0.5244046428958737,-2.459532968699471,2.4992633534551154,0.20852118414944165,-0.05286272155574931,0.47937388000755543,0.0,0.0902575369393863,0.0902575369393863
2024-25,LAL,50.0,1.1659862618511911,-2.8673905241829987,7.350968700118117,0.22686094784460697,0.8174396342246817,1.157266976632936,0.121705112155334,0.1680065624644792,0.2897116746198132
2024-25,MEM,48.0,0.6339936338572086,-1.8158079079554423,2.9017550570545154,0.26115088096460676,-0.03229023778060259,0.7329642954325507,0.010744169366779752,0.10264934713637794,0.1133935165031577
2024-25,MIA,37.0,0.2652648756173577,-2.486063612479499,1.4838399396592796,0.19074593727512335,-0.297268154229423,0.5863499393968982,0.0,0.10812126366859891,0.10812126366859891
2024-25,MIL,48.0,1.1435587612130687,-2.1835653041516907,7.3303740062545995,0.23457722497377714,0.021850999462683925,1.4507149535014021,0.011540120172080498,0.18332731125373847,0.19486743142581897
2024-25,MIN,49.0,0.6863364676409349,-1.0319409127757915,3.923616476038174,0.26728449070082616,0.02970531395630037,0.7069872957581309,0.0034745437729947672,0.08787982767064588,0.09135437144364064
2024-25,NOP,21.0,0.14752803360084316,-2.4456594863027092,0.631518414769224,0.21026832337518236,0.051135675127790464,0.5074520834867208,0.004773394781963694,0.09605932580061384,0.10083272058257753
2024-25,NYK,51.0,1.2157444490565648,-1.0964035405892643,6.886106788779351,0.26468932854213534,0.13023026983116828,1.2799551156010474,0.010626582149597759,0.15582886413149877,0.16645544628109651
2024-25,OKC,68.0,1.0521201052526679,-1.3552511886535874,7.742871351055827,0.22891216271041143,1.5881641492529524,1.6262276848141637,0.19851757171694356,0.19809145223730254,0.39660902395424613
2024-25,ORL,41.0,0.3062779335141075,-2.241561197195597,1.372415612231443,0.20392154976342153,-0.06998230290733749,0.2456366523775603,0.0,0.05783493371786701,0.05783493371786701
2024-25,PHI,24.0,0.5036929046827605,-2.576005120115228,2.8532982863365492,0.2117533726625741,0.7419855772596021,0.849065502584772,0.09644883558799916,0.14514330604206194,0.2415921416300611
2024-25,PHX,36.0,0.6364266539971881,-2.379495838537504,3.048473422074595,0.21463939159410528,-0.8462632783020414,1.3629810715896982,0.0,0.1919429140113323,0.1919429140113323
2024-25,POR,36.0,0.08504789488680109,-1.4943754128666895,0.2090819673231496,0.29939541926581675,-0.5536944219877159,0.24130133047261573,0.0,0.06395645249352883,0.06395645249352883
2024-25,SAC,40.0,1.0176807597704864,-1.0351281941512478,5.717969044043637,0.25775182365116656,-0.7678274130923307,1.1706802698022358,0.0,0.1542903386646891,0.1542903386646891
2024-25,SAS,34.0,0.727750106678627,-1.5384941311226237,6.11957838002875,0.21014782177149144,2.0810877663900627,0.8499082225018697,0.29056231728461707,0.11673641933309326,0.4072987366177103
2024-25,TOR,30.0,0.33712632493212175,-2.3345091065658408,0.9307906584615312,0.2270218055473633,0.10402637515320609,-0.17211051682186887,0.015549999380798752,0.012527120892928808,0.02807712027372756
2024-25,UTA,17.0,0.21279653372934945,-2.543538832251082,0.3041047604671093,0.2410316958666321,-0.1037376665804486,0.058687345493283645,0.030994943786577592,0.042286339008555954,0.07328128279513355
2024-25,WAS,18.0,-0.23042766447732355,-2.1647789944994673,-1.1187873130459234,0.2941227375913157,-0.21688566546584628,-0.20368387312457317,0.0,0.011573589293621489,0.011573589293621489
2025-26,ATL,46.0,1.0540342616919136,-1.843338280227208,5.404044318312921,0.23823186542102137,0.49139840439317567,0.7635705488288134,0.058122423898433286,0.11365719524988116,0.17177961914831444
2025-26,BKN,20.0,-0.028073830026710128,-2.6536288143423516,0.008103320637071525,0.17014511335931992,-0.3005826477418154,0.21076240557361536,0.0,0.05385987263865354,0.05385987263865354
2025-26,BOS,56.0,0.8523319450605312,-2.3118446768766,3.62936068610973,0.2669900814838114,-0.10859213068110667,1.0151065319045633,0.0,0.13734424788852773,0.13734424788852773
2025-26,CHA,44.0,0.7489353792663008,-1.1344106206228315,3.6467856804240144,0.2670870809043103,-0.9059185891046234,1.3919685480384676,0.0,0.19718110495672353,0.19718110495672353
2025-26,CHI,31.0,0.705888097317603,-1.8980276386683017,3.236258903699655,0.24427796213445802,-0.2726356076911159,0.6479392303708725,0.0,0.08248010284093188,0.08248010284093188
2025-26,CLE,52.0,0.8179239112451566,-2.0918854191865965,4.554367679683835,0.22679266303331908,0.5096152335886702,0.8985477335762342,0.06970708359064967,0.11909447945852605,0.18880156304917572
2025-26,DAL,26.0,0.1904232930478441,-1.8340692176937023,0.9683706454598567,0.2515044550671312,0.650344991694239,-0.21779115415287956,0.12205291445106212,0.0,0.12205291445106212
2025-26,DEN,54.0,1.3227412317699097,-2.4656189080240396,9.863758677077383,0.18143005203502946,-0.10760314624935881,2.46869608690134,0.0,0.31736897767835653,0.31736897767835653
2025-26,DET,60.0,0.7892039340773109,-2.0670238633453275,4.43758415476169,0.23525345865943686,0.7139306789060544,0.564536008230952,0.10836438152234096,0.0819958989282707,0.19036028045061165
2025-26,GSW,37.0,0.10358406280652407,-2.6650914258444924,1.0899793663508035,0.1768450426764544,-0.5804426450823734,0.9179899369146557,0.0,0.14322936676625964,0.14322936676625964
2025-26,HOU,52.0,1.0704592946019205,-1.720180497205383,5.228805855993175,0.24594781012981037,0.02204100818535108,0.7534447689491152,0.0017632806548280864,0.1188615159253236,0.12062479658015168
2025-26,IND,19.0,0.16001313724758248,-1.9183834365979586,0.4712777500827913,0.2395877953377865,-0.243832300977609,0.4472813112908423,0.0,0.07556407134041503,0.07556407134041503
2025-26,LAC,42.0,0.7643113016892074,-2.4346509624163257,6.04674252585099,0.18639086541023475,0.5818308438923717,1.7060378765820323,0.058226143383125796,0.24236292546146307,0.30058906884458886
2025-26,LAL,53.0,1.2555201293427072,-1.938340718578402,8.34945584672817,0.2361158775658091,-0.5874637333530351,1.9181131232538469,0.0,0.2577928765231182,0.2577928765231182
2025-26,MEM,25.0,0.18289169981615772,-2.0581874020411695,0.31881756625561064,0.2803312431567594,0.12671418926723038,0.20075717330304477,0.03794564100331365,0.04372801320796574,0.0816736542112794
2025-26,MIA,43.0,0.6663296371813323,-1.2889773966885785,3.275425199274994,0.27726574868792186,0.893129755321041,0.38576901034519595,0.1595050373032439,0.05356113378587331,0.21306617108911718
2025-26,MIL,32.0,-0.05414277969060824,-2.639260084688039,-0.698518467563092,0.22417278659019985,0.036880694511901506,-0.03404830134378219,0.052589483157443384,0.006442239093157058,0.059031722250600445
2025-26,MIN,49.0,0.8051659097135423,-0.6475412576884756,4.635643298228661,0.26376353316202084,0.4546142397806107,0.6192687457134557,0.04007343772386342,0.08205000148601263,0.12212343920987605
2025-26,NOP,26.0,0.5694039564012432,-1.7019473993239038,2.694549204483425,0.25606412746170726,0.3015956037705905,0.6725145464726634,0.024127648301647243,0.11979502383305093,0.14392267213469817
2025-26,NYK,53.0,0.9655935982507676,-1.2038098335323264,4.819970341600031,0.2622929023741217,-0.07066091978959269,1.1096489518854322,0.0,0.16902871579459627,0.16902871579459627
2025-26,OKC,64.0,0.8543280047196364,-1.9858609862350003,6.358012610438006,0.20545365920069059,1.3923365777805903,1.661627875709833,0.18657852560013105,0.2108727854335609,0.3974513110336919
2025-26,ORL,45.0,0.7032682027787807,-0.5377203239056234,3.1525316730429145,0.32089992057384087,-0.3442071294266869,0.7041671675557478,0.0,0.09981197552341053,0.09981197552341053
2025-26,PHI,45.0,0.7128601977438669,-2.2131335140131694,5.280530800797412,0.19699660499612842,1.0904073165536918,1.5274302335783896,0.11487334577615847,0.23866912267058688,0.35354246844674536
2025-26,PHX,45.0,0.37250516614308815,-1.6447190872275184,1.3530266425799102,0.28026251788423295,-0.7262172749134427,0.9070493864252961,0.0,0.14710442463611223,0.14710442463611223
2025-26,POR,42.0,0.5595526665473476,-1.8000329049039874,2.0481368125756982,0.23142793806757395,-0.45200681723788466,0.14753706801382457,0.0,0.03838535680952474,0.03838535680952474
2025-26,SAC,22.0,-0.009513812939870504,-2.0968880635638696,-0.44307266409506074,0.26883755098726375,-0.611411649532653,0.2079839055718578,0.0,0.06182607690808771,0.06182607690808771
2025-26,SAS,62.0,0.957391640092629,-1.0462618941074715,7.2470213974717685,0.22256150136478975,1.6392883200503672,0.8771868398800201,0.22653483234721958,0.10181535425216989,0.32835018659938947
2025-26,TOR,46.0,0.7722950686071137,-1.912554936704749,3.86113502349766,0.250946321726618,0.45995638647711184,0.752247453151599,0.055954123164574265,0.1094421787216287,0.16539630188620297
2025-26,UTA,22.0,0.5312000511861551,-1.983271656949824,3.2324916211933377,0.20970510557491429,-0.21246423956537827,1.0952654089221445,0.010572242819462133,0.15149674578760075,0.16206898860706287
2025-26,WAS,17.0,-0.009702598572586929,-2.3982389379658335,-0.31203653832101885,0.22669888584343367,0.9919005380876372,-0.508806565859755,0.1857106988656958,0.0,0.1857106988656958
